-1,Model,# of CPU Cores,# of Threads,Graphics Core Count,Base Clock(GHz),Max. Boost Clock (GHz),All Core Boost Speed (GHz),L1 Cache (KB),L2 Cache(MB),L3 Cache(MB),1kU Pricing(USD),PCI Express® Version,Default TDP(W),Max. Operating Temperature (Tjmax(°C)),System Memory Specification(MHz),Memory Channels,Memory Channels,Graphics Frequency(MHz),GPU Base(MHz)
on,AMD Ryzen™ 9 7945HX,16,32,2,2.5,5.4,-1,1024,16,64,-1,5,55,100,-1,2,-1,2200,400
on,AMD Ryzen™ 9 7845HX,12,24,2,3,5.2,-1,764,12,64,-1,5,55,100,-1,2,-1,2200,400
on,AMD Ryzen™ 7 7745HX,8,16,2,3.6,5.1,-1,512,8,32,-1,5,55,100,-1,2,-1,2200,400
on,AMD Ryzen™ 5 7645HX,6,12,2,4,5,-1,384,6,32,-1,5,55,100,-1,2,-1,2200,400
on,AMD Ryzen™ 9 7940HS,8,16,12,4,5.2,-1,512,8,16,-1,4,45,100,-1,2,-1,3000,-1
on,AMD Ryzen™ 7 7840HS,8,16,12,3.8,5.1,-1,512,8,16,-1,4,44,100,-1,2,-1,2900,-1
on,AMD Ryzen™ 5 7640HS,6,12,8,4.3,5,-1,384,6,16,-1,4,44,100,-1,2,-1,2800,-1
on,AMD Ryzen™ 7 7735HS,8,16,12,3.2,4.75,-1,512,4,16,-1,4,44,95,-1,2,-1,2200,-1
on,AMD Ryzen™ 5 7535HS,6,12,6,3.3,4.55,-1,512,3,16,-1,4,44,95,-1,2,-1,1900,-1
on,AMD Ryzen™ 7 7735U,8,16,12,2.7,4.75,-1,512,4,16,-1,4,28,95,-1,2,-1,2200,-1
on,AMD Ryzen™ 9 PRO 5945,12,-1,-1,3,4.7,-1,768,6,64,-1,4,65,95,3200,2,-1,-1,-1
on,AMD Ryzen™ 5 7535U,6,12,6,2.9,4.55,-1,512,3,16,-1,4,28,-1,-1,2,-1,1900,-1
on,AMD Ryzen™ 3 7335U,4,8,4,3,4.3,-1,512,2,8,-1,4,28,95,-1,2,-1,1800,-1
on,AMD Ryzen™ 7 PRO 7730U,8,16,8,2,4.5,-1,512,4,16,-1,3,15,95,-1,2,-1,2000,-1
on,AMD Ryzen™ 5 PRO 7530U,6,12,7,2,4.5,-1,512,3,16,-1,3,15,95,-1,2,-1,2000,-1
on,AMD Ryzen™ 3 PRO 7330U,4,8,6,2.3,4.3,-1,384,2,8,-1,3,15,94.99,-1,2,-1,1800,-1
on,AMD Ryzen™ 7 7730U,8,16,8,2,4.5,-1,384,4,16,-1,3,15,95,-1,2,-1,2000,-1
on,AMD Ryzen™ 5 7530U,6,12,7,2,4.5,-1,384,3,16,-1,3,15,95,-1,2,-1,2000,-1
on,AMD Ryzen™ 3 7330U,4,8,6,2.3,4.3,-1,384,2,8,-1,3,15,95,-1,2,-1,1800,-1
on,AMD Ryzen™ 5 7520U,4,8,2,2.8,4.3,-1,256,2,4,-1,3,15,-1,-1,2,-1,1900,-1
on,AMD Ryzen™ 3 7320U,4,8,2,2.4,4.1,-1,256,2,4,-1,3,15,-1,-1,2,-1,1900,-1
on,AMD Ryzen™ Threadripper™ PRO 5995WX,64,128,-1,2.7,4.5,-1,4096,32,256,-1,4,280,95,3200,8,-1,-1,-1
on,AMD Ryzen™ Threadripper™ PRO 5975WX,32,64,-1,3.6,4.5,-1,2048,16,128,-1,4,280,95,3200,8,-1,-1,-1
on,AMD Ryzen™ Threadripper™ PRO 5965WX,24,48,-1,3.8,4.5,-1,1536,12,128,-1,4,280,95,3200,8,-1,-1,-1
on,AMD Ryzen™ Threadripper™ PRO 5955WX,16,32,-1,4,4.5,-1,1024,8,64,-1,4,280,95,3200,8,-1,-1,-1
on,AMD Ryzen™ Threadripper™ PRO 5945WX,12,24,-1,4.1,4.5,-1,765,6,64,-1,4,280,95,3200,8,-1,-1,-1
on,AMD Ryzen™ 9 7950X3D,16,32,2,4.2,5.7,-1,1024,16,128,-1,-1,120,89,-1,2,-1,2200,400
on,AMD Ryzen™ 9 7950X,16,32,2,4.5,5.7,-1,1024,16,64,-1,-1,170,95,-1,2,-1,2200,400
on,AMD Ryzen™ 9 7900X3D,12,24,2,4.4,5.6,-1,768,12,128,-1,5,120,89,-1,2,-1,2200,400
on,AMD Ryzen™ 9 7900X,12,24,2,4.7,5.6,-1,768,12,64,-1,-1,170,95,-1,2,-1,2200,400
on,AMD Ryzen™ 7 7800X3D,8,16,2,-1,5,-1,512,8,96,-1,5,120,89,-1,-1,-1,2200,400
on,AMD Ryzen™ 9 7900,12,24,2,3.7,5.4,-1,768,12,64,-1,-1,65,95,-1,2,-1,2200,400
on,AMD Ryzen™ 7 7700X,8,16,2,4.5,5.4,-1,512,8,32,-1,-1,105,95,-1,2,-1,2200,400
on,AMD Ryzen™ 9 5950X,16,32,-1,3.4,4.9,-1,-1,8,64,-1,4,105,90,3200,-1,-1,-1,-1
on,AMD Ryzen™ 7 5800X3D,8,16,-1,3.4,4.5,-1,512,4,96,-1,4,105,90,-1,2,-1,-1,-1
on,AMD Ryzen™ 9 5900X,12,24,-1,3.7,4.8,-1,-1,6,64,-1,4,105,90,3200,-1,-1,-1,-1
on,AMD Ryzen™ 7 7700,8,16,2,3.8,5.3,-1,512,8,32,-1,-1,65,95,-1,2,-1,2200,400
on,AMD Ryzen™ 9 5900 (OEM Only),12,24,-1,3,4.7,-1,-1,6,64,-1,4,65,95,3200,-1,-1,-1,-1
on,AMD Ryzen™ 5 7600X,6,12,2,4.7,5.3,-1,384,6,32,-1,-1,105,95,-1,2,-1,2200,400
on,AMD Ryzen™ 7 5800X,8,16,-1,3.8,4.7,-1,-1,4,32,-1,4,105,90,3200,-1,-1,-1,-1
on,AMD Ryzen™ 7 5800 (OEM Only),8,16,-1,3.4,4.6,-1,-1,4,32,-1,4,65,95,3200,-1,-1,-1,-1
on,AMD Ryzen™ 7 5700X,8,16,-1,3.4,4.6,-1,512,4,32,-1,4,65,90,3200,2,-1,-1,-1
on,AMD Ryzen™ 5 7600,6,12,2,3.8,5.1,-1,384,6,32,-1,-1,65,95,-1,2,-1,2200,400
on,AMD Ryzen™ 5 5600X,6,12,-1,3.7,4.6,-1,-1,3,32,-1,4,65,95,3200,-1,-1,-1,-1
on,AMD Ryzen™ 9 6980HX,8,16,12,3.3,5,-1,512,4,16,-1,4,45,95,-1,2,-1,2400,-1
on,AMD Ryzen™ 5 5600,6,12,-1,3.5,4.4,-1,384,3,32,-1,4,65,90,3200,2,-1,-1,-1
on,AMD Ryzen™ 9 3900XT,12,24,-1,3.8,4.7,-1,-1,6,64,-1,4,105,95,3200,-1,-1,-1,-1
on,AMD Ryzen™ 9 6980HS,8,16,12,3.3,5,-1,512,4,16,-1,4,35,95,-1,2,-1,2400,-1
on,AMD Ryzen™ 9 6900HX,8,16,12,3.3,4.9,-1,512,4,16,-1,4,45,95,-1,2,-1,2400,-1
on,AMD Ryzen™ 7 3800XT,8,16,-1,3.9,4.7,-1,-1,4,32,-1,4,105,95,3200,-1,-1,-1,-1
on,AMD Ryzen™ 9 6900HS​,8,16,12,3.3,4.9,-1,512,4,16,-1,4,35,95,-1,2,-1,2400,-1
on,AMD Ryzen™ 5 5500,6,12,-1,3.6,4.2,-1,384,3,16,-1,3,65,90,3200,2,-1,-1,-1
on,AMD Ryzen™ 7 7736U​,8,16,12,2.7,4.7,-1,512,4,16,-1,4,-1,95,-1,2,-1,2200,-1
on,AMD Ryzen™ 5 4500,6,12,-1,3.6,4.1,-1,384,3,8,-1,3,65,95,3200,2,-1,-1,-1
on,AMD Ryzen™ 7 6800H,8,16,12,3.2,4.7,-1,512,4,16,-1,4,45,95,-1,2,-1,2200,-1
on,AMD Ryzen™ 7 6800HS,8,16,12,3.2,4.7,-1,512,4,16,-1,4,35,95,-1,2,-1,2200,-1
on,AMD Ryzen™ 5 3600XT,6,12,-1,3.8,4.5,-1,-1,3,32,-1,4,95,95,3200,-1,-1,-1,-1
on,AMD Ryzen™ Threadripper™ PRO 3995WX,64,128,-1,2.7,4.2,-1,4096,32,256,-1,4,280,90,3200,8,-1,-1,-1
on,AMD Ryzen™ 7 6800U​,8,16,12,2.7,4.7,-1,512,4,16,-1,4,-1,95,-1,2,-1,2200,-1
on,AMD Ryzen™ Threadripper™ PRO 3975WX,32,64,-1,3.5,4.2,-1,2048,16,128,-1,4,280,90,3200,8,-1,-1,-1
on,AMD Ryzen™ 5 6600H,6,12,6,3.3,4.5,-1,384,3,16,-1,4,45,95,-1,2,-1,1900,-1
on,AMD Ryzen™ Threadripper™ PRO 3955WX,16,32,-1,3.9,4.3,-1,1024,8,64,-1,4,280,90,3200,8,-1,-1,-1
on,AMD Ryzen™ Threadripper™ PRO 3945WX,12,24,-1,4,4.3,-1,768,6,64,-1,4,280,90,3200,8,-1,-1,-1
on,AMD Ryzen™ 5 6600HS​,6,12,6,3.3,4.5,-1,384,3,16,-1,4,35,95,-1,2,-1,1900,-1
on,AMD Ryzen™ Threadripper™ 3990X,64,128,-1,2.9,4.3,-1,4096,32,256,-1,4,280,95,-1,4,-1,-1,-1
on,AMD Ryzen™ 9 5980HX,8,16,8,3.3,4.8,-1,-1,4,16,-1,3,45,105,-1,-1,-1,2100,-1
on,AMD Ryzen™ 9 5980HS,8,16,8,3,4.8,-1,-1,4,16,-1,3,35,105,-1,-1,-1,2100,-1
on,AMD Ryzen™ 9 5900HX,8,16,8,3.3,4.6,-1,-1,4,16,-1,3,45,105,-1,-1,-1,2100,-1
on,AMD Ryzen™ Threadripper™ 3970X,32,64,-1,3.7,4.5,-1,2048,16,128,-1,4,280,95,3200,4,-1,-1,-1
on,AMD Ryzen™ 5 6600U,6,12,6,2.9,4.5,-1,384,3,16,-1,4,-1,95,-1,2,-1,1900,-1
on,AMD Ryzen™ 7 5825U,8,16,8,2,4.5,-1,512,4,16,-1,3,15,95,-1,2,-1,2000,-1
on,AMD Ryzen™ 9 5900HS,8,16,-1,3,4.6,-1,8,4,16,-1,3,35,105,-1,-1,-1,2100,-1
on,AMD Ryzen™ 7 5825C,8,16,8,2,4.5,-1,512,4,16,-1,3,15,95,-1,2,-1,-1,-1
on,AMD Ryzen™ Threadripper™ 3960X,24,48,-1,3.8,4.5,-1,1536,12,128,-1,4,280,95,3200,4,-1,-1,-1
on,AMD Ryzen™ 7 5800H,8,16,8,3.2,4.4,-1,-1,4,16,-1,3,45,105,-1,-1,-1,2000,-1
on,AMD Ryzen™ 5 5625U,6,12,7,2.3,4.3,-1,384,3,16,-1,3,15,95,-1,2,-1,1800,-1
on,AMD Ryzen™ 7 5800HS,8,16,8,2.8,4.4,-1,-1,4,16,-1,3,35,105,-1,-1,-1,2000,-1
on,AMD Ryzen™ 5 5625C,6,12,7,2.3,4.3,-1,384,3,16,-1,3,15,95,-1,2,-1,-1,-1
on,AMD Ryzen™ 9 3950X,16,32,-1,3.5,4.7,-1,1024,8,64,-1,4,105,95,-1,2,-1,-1,-1
on,AMD Ryzen™ 5 5600H,6,12,7,3.3,4.2,-1,-1,3,16,-1,3,45,105,-1,-1,-1,1800,-1
on,AMD Ryzen™ 5 5600HS,6,12,7,3,4.2,-1,-1,3,16,-1,3,35,105,-1,-1,-1,1800,-1
on,AMD Ryzen™ 9 3900X,12,24,-1,3.8,4.6,-1,768,6,64,-1,4,105,95,3200,2,-1,-1,-1
on,AMD Ryzen™ 7 5800U,8,16,8,1.9,4.4,-1,-1,4,16,-1,3,15,105,-1,-1,-1,2000,-1
on,AMD Ryzen™ 7 5700U,8,16,8,1.8,4.3,-1,-1,4,8,-1,3,15,105,-1,-1,-1,1900,-1
on,AMD Ryzen™ 9 3900 Processor (OEM Only),12,24,-1,3.1,4.3,-1,768,6,64,-1,4,65,95,3200,2,-1,-1,-1
on,AMD Ryzen™ 5 5600U,6,12,7,2.3,4.2,-1,-1,3,16,-1,3,15,105,-1,-1,-1,1800,-1
on,AMD Ryzen™ 3 5425U,4,8,6,2.7,4.1,-1,256,2,8,-1,3,15,95,-1,2,-1,1600,-1
on,AMD Ryzen™ 5 5560U,6,12,6,2.3,4,-1,384,3,8,-1,3,15,105,-1,2,-1,1600,-1
on,AMD Ryzen™ 5 5500U,6,12,7,2.1,4,-1,-1,3,8,-1,3,15,105,-1,-1,-1,1800,-1
on,AMD Ryzen™ 3 5425C,4,8,6,2.7,4.1,-1,256,2,8,-1,3,15,95,-1,2,-1,-1,-1
on,AMD Ryzen™ 3 5400U,4,8,6,2.6,4,-1,-1,2,8,-1,3,15,105,-1,-1,-1,1600,-1
on,AMD Ryzen™ 7 3800X,8,16,-1,3.9,4.5,-1,512,4,32,-1,4,105,95,3200,2,-1,-1,-1
on,AMD Ryzen™ 3 5300U,4,8,6,2.6,3.8,-1,-1,2,4,-1,3,15,105,-1,-1,-1,1500,-1
on,AMD Ryzen™ 7 3700X,8,16,-1,3.6,4.4,-1,512,4,32,-1,4,65,95,3200,2,-1,-1,-1
on,AMD Ryzen™ 7 5700G,8,16,8,3.8,4.6,-1,-1,4,16,-1,3,65,95,3200,2,-1,2000,-1
on,AMD Ryzen™ 7 5700GE,8,16,8,3.2,4.6,-1,-1,4,16,-1,3,35,95,3200,2,-1,2000,-1
on,AMD Ryzen™ 3 4100,4,8,-1,3.8,4,-1,256,2,4,-1,3,65,95,3200,2,-1,-1,-1
on,AMD Ryzen™ 3 5125C,2,4,3,3,3,-1,128,1,8,-1,3,15,95,-1,2,-1,-1,-1
on,AMD Ryzen™ 5 3600X,6,12,-1,3.8,4.4,-1,384,3,32,-1,4,95,95,3200,2,-1,-1,-1
on,AMD Ryzen™ 5 5600G,6,12,7,3.9,4.4,-1,-1,3,16,-1,3,65,95,3200,2,-1,1900,-1
on,AMD Ryzen™ 5 5600GE,6,12,7,3.4,4.4,-1,-1,3,16,-1,3,35,95,3200,2,-1,1900,-1
on,AMD Ryzen™ 5 3600,6,12,-1,3.6,4.2,-1,384,3,32,-1,4,65,95,3200,2,-1,-1,-1
on,AMD Ryzen™ 3 5300G (OEM Only),4,8,6,4,4.2,-1,-1,2,8,-1,3,65,95,3200,2,-1,1700,-1
on,AMD Ryzen™ 3 5300GE (OEM Only),4,8,6,3.6,4.2,-1,-1,2,8,-1,3,35,95,3200,2,-1,1700,-1
on,AMD Ryzen™ 7 4700G (OEM Only),8,16,8,3.6,4.4,-1,512,4,8,-1,3,65,95,3200,2,-1,2100,-1
on,AMD Ryzen™ 3 3300X,4,8,-1,3.8,4.3,-1,256,2,16,-1,4,65,-1,3200,-1,-1,-1,-1
on,AMD Ryzen™ 3 3100,4,8,-1,3.6,3.9,-1,256,2,16,-1,4,65,-1,3200,-1,-1,-1,-1
on,AMD Ryzen™ 5 4600G,6,12,7,3.7,4.2,-1,384,3,8,-1,3,65,95,3200,2,-1,1900,-1
on,AMD Ryzen™ 3 4300G (OEM Only),4,8,6,3.8,4,-1,256,2,4,-1,3,65,95,3200,2,-1,1700,-1
on,AMD Ryzen™ 5 3500 Processor (OEM Only),6,6,-1,3.6,4.1,-1,384,3,16,-1,4,65,95,3200,2,-1,-1,-1
on,AMD Ryzen™ 7 4700GE (OEM Only),8,16,8,3.1,4.3,-1,512,4,8,-1,3,35,95,3200,2,-1,2000,-1
on,AMD Ryzen™ 5 4600GE (OEM Only),6,12,7,3.3,4.2,-1,384,3,8,-1,3,35,95,3200,2,-1,1900,-1
on,AMD Ryzen™ 3 4300GE (OEM Only),4,8,6,3.5,4,-1,256,2,4,-1,3,35,95,3200,2,-1,1700,-1
on,AMD Ryzen™ 9 4900H,8,16,8,3.3,4.4,-1,-1,4,8,-1,3,44.5,105,-1,-1,-1,1750,-1
on,AMD Ryzen™ 9 4900HS,8,16,8,3,4.3,-1,-1,4,8,-1,3,35,105,-1,-1,-1,1750,-1
on,AMD Ryzen™ 7 4800HS,8,16,7,2.9,4.2,-1,-1,4,8,-1,3,45,105,-1,-1,-1,1600,-1
on,AMD Ryzen™ 7 4800H,8,16,7,2.9,4.2,-1,-1,4,8,-1,3,45,105,-1,-1,-1,1600,-1
on,AMD Ryzen™ 5 4600H,6,12,6,3,4,-1,-1,3,8,-1,3,45,105,-1,-1,-1,1500,-1
on,AMD Ryzen™ 7 4800U,8,16,8,1.8,4.2,-1,-1,4,8,-1,3,15,105,-1,-1,-1,1750,-1
on,AMD Ryzen™ 7 4700U,8,8,7,2,4.1,-1,-1,4,8,-1,3,15,105,-1,-1,-1,1600,-1
on,AMD Ryzen™ 5 4600U,6,12,6,2.1,4,-1,-1,3,8,-1,3,15,105,-1,-1,-1,1500,-1
on,AMD Ryzen™ 5 4500U,6,6,6,2.3,4,-1,-1,3,8,-1,3,15,105,-1,-1,-1,1500,-1
on,AMD Ryzen™ 3 4300U,4,4,5,2.7,3.7,-1,-1,2,4,-1,3,15,105,-1,-1,-1,1400,-1
on,AMD Ryzen™ 3 3250U,2,4,3,2.6,3.5,-1,192,1,4,-1,3,15,95,2400,2,-1,1200,-1
on,AMD Ryzen™ 5 3400G with Radeon™ RX Vega 11 Graphics,4,8,11,3.7,4.2,-1,384,2,4,-1,3,65,95,-1,2,-1,1400,-1
on,AMD Ryzen™ 7 4980U Microsoft Surface® Edition,8,16,8,2,4.4,-1,512,4,8,-1,3,15,105,4267,2,-1,1950,-1
on,AMD Ryzen™ 5 3400GE (OEM Only),4,8,11,3.3,4,-1,384,2,4,-1,3,35,95,2933,2,-1,1300,-1
on,AMD Ryzen™ 5 4680U Microsoft Surface® Edition,6,12,7,2.2,4,-1,384,3,8,-1,3,15,105,4267,2,-1,1500,-1
on,AMD Ryzen™ 3 3200G with Radeon™ Vega 8 Graphics,4,4,8,3.6,4,-1,384,2,4,-1, 3.0 x8,65,95,2933,2,-1,1250,-1
on,AMD Ryzen™ 7 3780U Microsoft Surface® Edition,4,8,11,2.3,4,-1,384,2,4,-1,3,15,105,2400,2,-1,1400,-1
on,AMD Ryzen™ 3 3200GE (OEM Only),4,4,8,3.3,3.8,-1,384,2,4,-1,3,35,95,2933,2,-1,1200,-1
on,AMD Athlon™ Gold 7220U,2,4,2,2.4,3.7,-1,256,1,4,-1,3,15,-1,-1,2,-1,1900,-1
on,AMD Athlon™ 320GE,2,4,3,3.5,-1,-1,192,1,4,-1,3,35,95,2667,2,-1,1100,-1
on,AMD Athlon™ 300GE,2,4,3,3.4,-1,-1,192,1,4,-1,3,35,95,2667,2,-1,1100,-1
on,AMD Ryzen™ 7 3750H,4,8,10,2.3,4,-1,384,2,4,-1,3,35,105,2400,2,-1,1400,-1
on,AMD Ryzen™ 5 3550H,4,8,8,2.1,3.7,-1,384,2,4,-1,3,35,105,2400,2,-1,1200,-1
on,AMD Athlon™ Silver 7120U,2,2,2,2.4,3.5,-1,256,1,2,-1,3,15,-1,-1,2,-1,1900,-1
on,AMD Ryzen™ 7 3700U,4,8,10,2.3,4,-1,384,2,4,-1,3,15,105,2400,2,-1,1400,-1
on,AMD Ryzen™ 3 3350U,4,4,6,2.1,3.5,-1,348,2,4,-1,3,15,105,2400,2,-1,1200,-1
on,AMD Ryzen™ 5 3500U,4,8,8,2.1,3.7,-1,384,2,4,-1,3,15,105,2400,2,-1,1200,-1
on,AMD Ryzen™ 7 3700C,4,8,10,2.3,4,-1,384,2,4,-1,-1,15,105,-1,-1,-1,1400,-1
on,AMD Ryzen™ 5 3450U,4,8,-1,2.1,3.5,-1,384,2,4,-1,3,15,105,2400,2,-1,1200,-1
on,AMD Ryzen™ 3 3300U,4,4,6,2.1,3.5,-1,384,2,4,-1,3,15,105,2400,2,-1,1200,-1
on,AMD Ryzen™ 5 3580U Microsoft Surface® Edition,4,8,9,2.1,3.7,-1,384,2,4,-1,3,15,105,2400,2,-1,1300,-1
on,AMD Ryzen™ 5 3500C,4,8,8,2.1,3.7,-1,384,2,4,-1,-1,15,105,-1,-1,-1,1200,-1
on,AMD Ryzen™ 3 3200U,2,4,3,2.6,3.5,-1,192,1,4,-1,3,15,105,2400,2,-1,1200,-1
on,AMD Athlon™ 300U,2,4,3,2.4,3.3,-1,193,1,4,-1,-1,15,105,2400,2,-1,1000,-1
on,AMD Athlon™ Gold 3150U,2,4,3,2.4,3.3,-1,192,1,4,-1,-1,15,95,2400,2,-1,1000,-1
on,AMD Ryzen™ 3 3250C,2,4,3,2.6,3.5,-1,192,1,4,-1,-1,15,105,-1,-1,-1,1200,-1
on,AMD Athlon™ Silver 3050U,2,2,2,2.3,3.2,-1,192,1,4,-1,3,15,95,2400,2,-1,1100,-1
on,AMD Athlon™ Silver 3050e,2,4,3,1.4,2.8,-1,-1,1,4,-1,3,6,-1,2400,2,-1,1000,-1
on,AMD Athlon™ Gold 3150C,2,4,3,2.4,3.3,-1,192,1,4,-1,-1,15,95,-1,-1,-1,1100,-1
on,AMD Athlon™  Silver 3050C,2,2,2,2.3,3.2,-1,192,1,4,-1,-1,15,95,-1,-1,-1,1100,-1
on,AMD Athlon™ Gold 3150GE (OEM Only),4,4,3,3.3,3.8,-1,384,2,4,-1,3,35,95,2933,2,-1,1100,-1
on,AMD 3020e,2,2,3,1.2,2.6,-1,-1,1,4,-1,3,6,-1,2400,2,-1,1000,-1
on,AMD Athlon™ Gold 3150G (OEM Only),4,4,3,3.5,3.9,-1,384,2,4,-1,3,65,95,2933,2,-1,1100,-1
on,AMD Athlon™ Silver 3050GE (OEM Only),2,4,3,3.4,3.4,-1,192,1,4,-1,3,35,95,2667,2,-1,1100,-1
on,AMD 3015e,2,4,3,1.2,2.3,-1,-1,1,4,-1,3,6,105,1600,1,-1,600,-1
on,AMD 3015Ce,2,4,3,1.2,2.3,-1,-1,1,4,-1,3,6,105,1600,1,-1,600,-1
on,AMD Ryzen™ Threadripper™ 2990WX,32,64,-1,3,4.2,-1,3072,16,64,-1,3,250,68,2933,4,-1,-1,-1
on,AMD Ryzen™ Threadripper™ 2970WX,24,48,-1,3,4.2,-1,2304,12,64,-1,3,250,68,2933,4,-1,-1,-1
on,AMD Ryzen™ Threadripper™ 2950X,16,32,-1,3.5,4.4,-1,1536,8,32,-1,3,180,68,2933,4,-1,-1,-1
on,AMD Ryzen™ Threadripper™ 2920X,12,24,-1,3.5,4.3,-1,1152,6,32,-1,3,180,68,2933,4,-1,-1,-1
on,AMD Ryzen™ 7 2700X,8,16,-1,3.7,4.3,-1,768,4,16,-1,3,105,85,2933,2,-1,-1,-1
on,AMD Ryzen™ 7 2700,8,16,-1,3.2,4.1,-1,768,4,16,-1,3,65,95,2933,2,-1,-1,-1
on,AMD Ryzen™ 7 2700E Processor,8,16,-1,2.8,4,-1,768,4,16,-1,3,45,95,2667,2,-1,-1,-1
on,AMD Ryzen™ 5 2600X,6,12,-1,3.6,4.2,-1,576,3,16,-1,3,95,95,2933,2,-1,-1,-1
on,AMD Ryzen™ 5 2600,6,12,-1,3.4,3.9,-1,576,3,16,-1,3,65,95,2933,2,-1,-1,-1
on,AMD Ryzen™ 5 2600E,6,12,-1,3.1,4,-1,578,3,16,-1,3,45,95,2667,2,-1,-1,-1
on,AMD Ryzen™ 5 2500X,4,8,-1,3.6,4,-1,384,2,8,-1,3,65,95,2933,2,-1,-1,-1
on,AMD Ryzen™ 5 2400G with Radeon™ RX Vega 11 Graphics,4,8,11,3.6,3.9,-1,384,2,4,-1, 3.0 x8,65,95,2933,2,-1,1250,-1
on,AMD Ryzen™ 5 2400GE with Radeon™ RX Vega 11 Graphics,4,8,11,3.2,3.8,-1,384,2,4,-1, 3.0 x8,35,95,2933,2,-1,1250,-1
on,AMD Ryzen™ 3 2300X,4,4,-1,3.5,4,-1,384,2,8,-1,3,65,95,2933,2,-1,-1,-1
on,AMD Ryzen™ 3 2200G with Radeon™ Vega 8 Graphics,4,4,8,3.5,3.7,-1,384,2,4,-1, 3.0 x8,65,95,2933,2,-1,1100,-1
on,AMD Ryzen™ 9 PRO 6950H,8,16,12,3.3,4.9,-1,384,4,16,-1,4,45,95,-1,2,-1,2400,-1
on,AMD Ryzen™ 9 PRO 6950HS,8,16,12,3.3,4.9,-1,512,4,16,-1,4,35,94.99,-1,2,-1,2400,-1
on,AMD Ryzen™ 7 PRO 6860Z,8,16,12,2.7,4.75,-1,512,4,16,-1,4,28,95,-1,2,-1,2200,-1
on,AMD Ryzen™ 3 2200GE with Radeon™ Vega 8 Graphics,4,4,8,3.2,3.6,-1,384,2,4,-1, 3.0 x8,35,95,2933,2,-1,1100,-1
on,AMD Ryzen™ 7 2800H,4,8,11,3.3,3.8,-1,192,2,4,-1,3,45,95,3200,2,-1,1300,-1
on,AMD Ryzen™ 5 2600H,4,8,8,3.2,3.6,-1,192,2,4,-1,3,45,95,3200,2,-1,1100,-1
on,AMD Ryzen™ 7 PRO 6850H,8,16,12,3.2,4.7,-1,512,4,16,-1,4,45,95,-1,2,-1,2200,-1
on,AMD Ryzen™ 7 2700U,4,8,10,2.2,3.8,-1,384,2,4,-1,3,15,95,2400,2,-1,1300,-1
on,AMD Ryzen™ 7 PRO 6850HS,8,16,12,3.2,4.7,-1,512,4,16,-1,4,35,95,-1,2,-1,2200,-1
on,AMD Ryzen™ 5 2500U,4,8,8,2,3.6,-1,384,2,4,-1,3,15,95,2400,2,-1,1100,-1
on,AMD Ryzen™ 3 2300U,4,4,6,2,3.4,-1,384,2,4,-1,3,15,95,2400,2,-1,1100,-1
on,AMD Ryzen™ 7 PRO 6850U,8,16,12,2.7,4.7,-1,512,4,16,-1,4,-1,95,-1,2,-1,2200,-1
on,AMD Ryzen™ 3 2200U,2,4,3,2.5,3.4,-1,384,1,4,-1,3,15,95,2400,2,-1,1100,-1
on,AMD Ryzen™ 5 PRO 6650H,6,12,6,3.3,4.5,-1,384,3,16,-1,4,45,95,-1,2,-1,1900,-1
on,AMD Ryzen™ Threadripper™ 1950X,16,32,-1,3.4,4,-1,1536,8,32,-1,3,180,68,2667,4,-1,-1,-1
on,AMD Ryzen™ Threadripper™ 1920X,12,24,-1,3.5,4,-1,1152,6,32,-1,3,180,68,2667,4,-1,-1,-1
on,AMD Ryzen™ Threadripper™ 1900X,8,16,-1,3.8,4,-1,768,4,16,-1,3,180,68,2667,4,-1,-1,-1
on,AMD Ryzen™ 5 PRO 6650HS,6,12,6,3.3,4.5,-1,384,3,16,-1,4,35,95,-1,2,-1,1900,-1
on,AMD Ryzen™ 7 1800X,8,16,-1,3.6,4,-1,768,4,16,-1,3,95,95,2667,2,-1,-1,-1
on,AMD Ryzen™ 5 PRO 5645,6,12,-1,3.7,4.6,-1,768,3,32,-1,4,65,95,3200,2,-1,-1,-1
on,AMD Ryzen™ 5 PRO 5650G,6,12,7,3.9,4.4,-1,-1,3,16,-1,3,65,95,3200,2,-1,1900,-1
on,AMD Ryzen™ 5 PRO 5650GE,6,12,7,3.4,4.4,-1,-1,3,16,-1,3,35,95,3200,2,-1,1900,-1
on,AMD Ryzen™ 5 PRO 6650U,6,12,6,2.9,4.5,-1,384,3,16,-1,4,-1,95,-1,2,-1,1900,-1
on,AMD Ryzen™ 7 1700X,8,16,-1,3.4,3.8,-1,768,4,16,-1,3,95,95,2667,2,-1,-1,-1
on,AMD Ryzen™ 9 PRO 3900,12,24,-1,3.1,4.3,-1,768,6,64,-1,4,65,95,3200,2,-1,-1,-1
on,AMD Ryzen™ 7 PRO 3700,8,16,-1,3.6,4.4,-1,512,4,32,-1,4,65,95,3200,2,-1,-1,-1
on,AMD Ryzen™ 5 PRO 4655G,6,12,7,3.7,4.2,-1,384,3,8,-1,3,65,95,3200,2,-1,1900,-1
on,AMD Ryzen™ 7 1700 Processor,8,16,-1,3,3.7,-1,768,4,16,-1,3,65,95,2667,2,-1,-1,-1
on,AMD Ryzen™ 7 PRO 5875U,8,16,8,2,4.5,-1,512,4,16,-1,3,15,95,-1,2,-1,2000,-1
on,AMD Ryzen™ 7 PRO 5845,8,16,-1,3.4,4.6,-1,512,4,32,-1,4,65,95,3200,2,-1,-1,-1
on,AMD Ryzen™ 7 PRO 5850U,8,16,8,1.9,4.4,-1,-1,4,16,-1,3,15,105,3200/4266,-1,-1,2000,-1
on,AMD Ryzen™ 5 PRO 5675U,6,12,7,2.3,4.3,-1,384,3,16,-1,3,15,95,-1,2,-1,1800,-1
on,AMD Ryzen™ 5 PRO 5650U,6,12,7,2.3,4.2,-1,-1,3,16,-1,3,15,105,3200/4266,-1,-1,1800,-1
on,AMD Ryzen™ 7 PRO 5750G,8,16,8,3.8,4.6,-1,-1,4,16,-1,3,65,95,3200,2,-1,2000,-1
on,AMD Ryzen™ 3 PRO 5475U,4,8,6,2.7,4.1,-1,256,2,8,-1,3,15,95,-1,2,-1,1600,-1
on,AMD Ryzen™ 3 PRO 5450U,4,8,6,2.6,4,-1,-1,2,8,-1,3,15,105,3200/4266,-1,-1,1600,-1
on,AMD Ryzen™ 7 PRO 5750GE,8,16,8,3.2,4.6,-1,-1,4,16,-1,3,35,95,3200,2,-1,2000,-1
on,AMD Ryzen™ 3 PRO 5350G,4,8,6,4,4.2,-1,-1,2,8,-1,3,65,95,3200,2,-1,1700,-1
on,AMD Ryzen™ 7 PRO 4750G,8,16,8,3.6,4.4,-1,512,4,8,-1,3,65,95,3200,2,-1,2100,-1
on,AMD Ryzen™ 5 1600X,6,12,-1,3.6,4,-1,576,3,16,-1,3,95,95,2667,2,-1,-1,-1
on,AMD Ryzen™ 3 PRO 5350GE,4,8,6,3.6,4.2,-1,-1,2,8,-1,3,35,95,3200,2,-1,1700,-1
on,AMD Ryzen™ 5 PRO 4655GE,6,12,7,3.3,4.2,-1,384,3,8,-1,3,35,95,3200,2,-1,1900,-1
on,AMD Ryzen™ 7 PRO 4750GE,8,16,8,3.1,4.3,-1,512,4,8,-1,3,35,95,3200,2,-1,2100,-1
on,AMD Ryzen™ 5 PRO 3600,6,12,-1,3.6,4.2,-1,384,3,32,-1,4,65,95,3200,2,-1,-1,-1
on,AMD Ryzen™ 5 PRO 4650G,6,12,7,3.7,4.2,-1,384,3,8,-1,3,65,95,3200,2,-1,1900,-1
on,AMD Ryzen™ 3 PRO 4355G,4,8,6,3.8,4,-1,256,2,4,-1,3,65,95,3200,2,-1,1700,-1
on,AMD Ryzen™ 5 PRO 4650GE,6,12,7,3.3,4.2,-1,384,3,8,-1,3,35,95,3200,2,-1,1900,-1
on,AMD Ryzen™ 3 PRO 4355GE,4,8,6,3.5,4,-1,256,2,4,-1,3,35,95,3200,2,-1,1700,-1
on,AMD Ryzen™ 3 PRO 4350G,4,8,6,3.8,4,-1,256,2,4,-1,3,65,95,3200,2,-1,1700,-1
on,AMD Ryzen™ 3 PRO 4350GE,4,8,6,3.5,4,-1,256,2,4,-1,3,35,95,3200,2,-1,1700,-1
on,AMD Ryzen™ 5 1600,6,12,-1,3.2,3.6,-1,576,3,16,-1,3,65,95,2667,2,-1,-1,-1
on,AMD Ryzen™ 5 1600 (AF),6,12,-1,3.2,3.6,-1,576,3,16,-1,3,65,95,2667,2,-1,-1,-1
on,AMD Ryzen™ 5 PRO 3400G,4,8,11,3.7,4.2,-1,384,2,4,-1,3,65,95,2933,2,-1,1400,-1
on,AMD Ryzen™ 5 PRO 3400GE,4,8,11,3.3,4,-1,384,2,4,-1,3,35,95,2933,2,-1,1300,-1
on,AMD Ryzen™ 5 1500X,4,8,-1,3.5,3.7,-1,384,2,16,-1,3,65,95,2667,2,-1,-1,-1
on,AMD Ryzen™ 5 PRO 3350G,4,8,10,3.6,4,-1,384,2,4,-1,3,65,95,2933,2,-1,1300,-1
on,AMD Ryzen™ 5 PRO 3350GE,4,4,10,3.3,3.9,-1,384,2,4,-1,3,35,95,2933,2,-1,1200,-1
on,AMD Ryzen™ 3 PRO 3200G,4,4,8,3.6,4,-1,384,2,4,-1,3,65,95,2933,2,-1,1250,-1
on,AMD Ryzen™ 5 1400,4,8,-1,3.2,3.4,-1,384,2,8,-1,3,65,95,2667,2,-1,-1,-1
on,AMD Ryzen™ 3 PRO 3200GE,4,4,8,3.3,3.8,-1,384,2,4,-1,3,35,95,2933,2,-1,1200,-1
on,AMD Ryzen™ 3 1300X,4,4,-1,3.5,3.7,-1,384,2,8,-1,3,65,95,2667,2,-1,-1,-1
on,AMD Athlon™ Gold PRO 3150G,4,4,3,3.5,3.9,-1,384,2,4,-1,3,65,95,2933,2,-1,1100,-1
on,AMD Athlon™ Gold PRO 3150GE,4,4,3,3.3,3.8,-1,384,2,4,-1,3,35,95,2933,2,-1,1100,-1
on,AMD Athlon™ Silver PRO 3125GE,2,4,3,3.4,3.4,-1,192,1,4,-1,3,35,95,2667,2,-1,1100,-1
on,AMD Athlon™ PRO 300GE,2,4,3,3.4,-1,-1,192,1,4,-1,3,35,95,2667,2,-1,1100,-1
on,AMD Ryzen™ 3 1200,4,4,-1,3.1,3.4,-1,384,2,8,-1,3,65,95,2667,2,-1,-1,-1
on,AMD Ryzen™ 7 PRO 2700X,8,16,-1,3.6,4.1,-1,768,4,16,-1,3,95,95,2933,2,-1,-1,-1
on,AMD Ryzen™ 7 PRO 4750U,8,16,7,1.7,4.1,-1,-1,4,8,-1,3,15,105,-1,-1,-1,1600,-1
on,AMD Ryzen™ 7 PRO 2700,8,16,-1,3.2,4.1,-1,768,4,16,-1,3,65,95,2933,2,-1,-1,-1
on,AMD Ryzen™ 5 PRO 4650U,6,12,6,2.1,4,-1,-1,3,8,-1,3,15,105,-1,-1,-1,1500,-1
on,AMD Ryzen™ 3 PRO 4450U,4,8,5,2.5,3.7,-1,-1,2,4,-1,3,15,105,-1,-1,-1,1400,-1
on,AMD Ryzen™ 7 PRO 1700X Processor,8,16,-1,3.4,3.8,-1,-1,4,16,-1,3,95,95,2667,2,-1,-1,-1
on,AMD Ryzen™ 7 PRO 3700U,4,8,10,2.3,4,-1,384,2,4,-1,3,15,95,2400,2,-1,1400,-1
on,AMD Ryzen™ 5 PRO 3500U,4,8,8,2.1,3.7,-1,384,2,4,-1,3,15,95,2400,2,-1,1200,-1
on,AMD Ryzen™ 7 PRO 1700,8,16,-1,3,3.7,-1,768,4,16,-1,3,65,95,2667,2,-1,-1,-1
on,AMD Ryzen™ 5 PRO 2600,6,12,-1,3.4,3.9,-1,576,3,16,-1,3,65,95,2933,2,-1,-1,-1
on,AMD Athlon™ PRO 3145B,2,4,3,2.4,3.3,-1,196608,1,4,-1,3,15,100,2400,2,-1,1000,-1
on,AMD Ryzen™ 5 PRO 1600,6,12,-1,3.2,3.6,-1,576,3,16,-1,3,65,95,2667,2,-1,-1,-1
on,AMD Athlon™ PRO 3045B,2,2,2,2.3,3.2,-1,192,1,4,-1,3,15,100,2400,2,-1,1100,-1
on,AMD Ryzen™ 3 PRO 3300U,4,4,6,2.1,3.5,-1,384,2,4,-1,3,15,95,2400,2,-1,1200,-1
on,AMD Athlon™ PRO 300U Mobile Processor with Radeon™ Vega 3 Graphics,2,4,3,2.4,3.3,-1,384,1,4,-1,3,15,95,2400,2,-1,1000,-1
on,AMD Ryzen™ 5 PRO 1500,4,8,-1,3.5,3.7,-1,384,2,16,-1,3,65,95,2667,2,-1,-1,-1
on,AMD Ryzen™ 7 PRO 2700U,4,8,10,2.2,3.8,-1,384,2,4,-1,3,15,95,2400,2,-1,1300,-1
on,AMD Ryzen™ 5 PRO 2400G with Radeon™ Vega 11 Graphics,4,8,11,3.6,3.9,-1,384,2,4,-1,3,65,95,2933,2,-1,1250,-1
on,AMD Ryzen™ 5 PRO 2400GE with Radeon™ Vega 11 Graphics,4,8,11,3.2,3.8,-1,384,2,4,-1, 3.0 x8,35,95,2933,2,-1,1250,-1
on,AMD Ryzen™ 3 PRO 1300,4,4,-1,3.5,3.7,-1,384,2,8,-1,3,65,95,2667,2,-1,-1,-1
on,AMD Ryzen™ 5 PRO 2500U,4,8,8,2,3.6,-1,384,2,4,-1,3,15,95,2400,2,-1,1100,-1
on,AMD Ryzen™ 3 PRO 2200G with Radeon™ Vega 8 Graphics,4,4,8,3.5,3.7,-1,384,2,4,-1,3,65,95,2933,2,-1,1100,-1
on,AMD Ryzen™ 3 PRO 2200GE with Radeon™ Vega 8 Graphics,4,4,8,3.2,3.6,-1,384,2,4,-1, 3.0 x8,35,95,2933,2,-1,1100,-1
on,AMD Ryzen™ 3 PRO 1200,4,4,-1,3.1,3.4,-1,384,2,8,-1,3,65,95,2667,2,-1,-1,-1
on,AMD Ryzen™ 3 PRO 2300U,4,4,6,2,3.4,-1,384,2,4,-1,3,15,95,2400,2,-1,1100,-1
on,7th Gen AMD PRO A4-5350B APU,2,-1,3,3,3.6,-1,-1,1,-1,-1,3,15,90,2133,1,-1,-1,847
on,7th Gen AMD PRO A4-4350B APU,2,-1,3,2.5,2.9,-1,-1,1,-1,-1,3,15,90,2133,1,-1,-1,655
on,7th Gen AMD PRO A6-8350B APU,2,-1,3,3.1,3.7,-1,-1,1,-1,-1,3,15,90,2133,1,-1,-1,900
on,7th Gen AMD PRO A6-7350B APU,2,-1,3,3,3.6,-1,-1,1,-1,-1,3,15,90,2133,1,-1,-1,847
on,7th Gen A12-9800 APU,4,-1,8,3.8,4.2,-1,-1,2,-1,-1, 3.0 x8,65,90,2400,2,-1,1108,-1
on,7th Gen A12-9800E APU,4,-1,8,3.1,3.8,-1,-1,2,-1,-1, 3.0 x8,35,90,2400,2,-1,900,-1
on,7th Gen A10-9700 APU,4,-1,6,3.5,3.8,-1,-1,2,-1,-1, 3.0 x8,65,90,2400,2,-1,1029,-1
on,7th Gen A10-9700E APU,4,-1,6,3,3.5,-1,-1,2,-1,-1, 3.0 x8,35,90,2400,3,-1,847,-1
on,7th Gen A8-9600 APU,4,-1,6,3.1,3.4,-1,-1,2,-1,-1, 3.0 x8,65,90,2400,2,-1,900,-1
on,7th Gen A6-9550 APU,2,-1,6,3.8,4,-1,-1,1,-1,-1, 3.0 x8,65,90,2400,2,-1,1029,-1
on,7th Gen A6-9500 APU,2,-1,6,3.5,3.8,-1,-1,1,-1,-1, 3.0 x8,65,90,2400,2,-1,1029,-1
on,7th Gen A6-9500E APU,2,-1,4,3,3.4,-1,-1,1,-1,-1, 3.0 x8,35,90,2400,2,-1,800,-1
on,7th Gen A12-9730P APU,4,-1,6,2.8,3.5,-1,-1,2,-1,-1,-1,35,90,2400,2,-1,900,-1
on,7th Gen A12-9700P APU,4,-1,6,2.5,3.4,-1,-1,2,-1,-1,-1,15,90,1866,2,-1,758,-1
on,7th Gen A10-9630P APU,4,-1,6,2.6,3.3,-1,-1,2,-1,-1,-1,35,90,2400,2,-1,800,-1
on,7th Gen A10-9600P APU,4,-1,6,2.4,3.3,-1,-1,2,-1,-1,-1,15,90,1866,2,-1,720,-1
on,7th Gen A9-9425 APU,2,-1,3,3.1,3.7,-1,-1,1,-1,-1,3,15,90,2133,1,-1,900,-1
on,7th Gen A9-9420 APU,2,-1,3,3,3.6,-1,-1,1,-1,-1,3,15,90,2133,-1,-1,847,-1
on,7th Gen A9-9410 APU,2,-1,3,2.9,3.5,-1,-1,1,-1,-1,-1,25,90,2133,1,-1,800,-1
on,7th Gen A6-9225 APU,2,-1,3,2.6,3.1,-1,-1,1,-1,-1,3,15,90,2133,1,-1,686,-1
on,7th Gen A6-9220 APU,2,-1,3,2.5,2.9,-1,-1,1,-1,-1,3,15,90,2133,-1,-1,655,-1
on,AMD EPYC™ 9654P,96,192,-1,2.4,3.7,3.55,-1,-1,384,10625, 5.0 x128,360,-1,4800,12,460.80 GB/s,-1,-1
on,7th Gen A6-9220C APU,2,2,3,1.8,2.7,-1,160,1,-1,-1,-1,6,90,1866,1,-1,720,-1
on,AMD EPYC™ 9654,96,192,-1,2.4,3.7,3.55,-1,-1,384,11805, 5.0 x128,360,-1,4800,12,460.80 GB/s,-1,-1
on,7th Gen A6-9210 APU,2,-1,3,2.4,2.8,-1,-1,1,-1,-1,-1,15,90,2133,1,-1,600,-1
on,AMD EPYC™ 9634,84,168,-1,2.25,3.7,3.1,-1,-1,384,10304, 5.0 x128,290,-1,4800,12,460.80 GB/s,-1,-1
on,7th Gen A4-9125 APU,2,-1,2,2.3,2.6,-1,-1,1,-1,-1,3,15,90,2133,1,-1,686,-1
on,7th Gen A4-9120 APU,2,-1,2,2.2,2.5,-1,-1,1,-1,-1,3,15,90,2133,-1,-1,655,-1
on,7th Gen A4-9120C APU,2,2,3,1.6,2.4,-1,160,1,-1,-1,-1,6,90,1866,1,-1,600,-1
on,7th Gen AMD PRO A12-9800 APU,4,-1,8,3.8,4.2,-1,-1,2,-1,-1,3,65,90,2400,2,-1,1108,-1
on,7th Gen AMD PRO A12-9800E APU,4,-1,8,3.1,3.8,-1,-1,2,-1,-1,3,35,90,2400,2,-1,900,-1
on,7th Gen AMD PRO A10-9700 APU,4,-1,6,3.5,3.8,-1,-1,2,-1,-1,3,65,90,2400,2,-1,1029,-1
on,7th Gen AMD PRO A10-9700E APU,4,-1,6,3,3.5,-1,-1,2,-1,-1,3,35,90,2400,2,-1,847,-1
on,7th Gen AMD PRO A8-9600 APU,4,-1,6,3.1,3.4,-1,-1,2,-1,-1,3,65,90,2400,2,-1,900,-1
on,7th Gen AMD PRO A6-9500 APU,2,-1,6,3.5,3.8,-1,-1,1,-1,-1,3,65,90,2400,2,-1,1029,-1
on,7th Gen AMD PRO A6-9500E APU,2,-1,4,3,3.4,-1,-1,1,-1,-1,3,35,90,2400,2,-1,800,-1
on,7th Gen AMD PRO A12-9830B APU,4,-1,8,3,3.7,-1,-1,2,-1,-1,-1,35,90,2400,2,-1,900,-1
on,7th Gen AMD PRO A12-9800B APU,4,-1,8,2.7,3.6,-1,-1,2,-1,-1,-1,15,90,1866,2,-1,758,-1
on,7th Gen AMD PRO A10-9730B APU,4,-1,6,2.8,3.5,-1,-1,2,-1,-1,-1,35,90,2400,2,-1,900,-1
on,7th Gen AMD PRO A10-9700B APU,4,-1,6,2.5,3.4,-1,-1,2,-1,-1,-1,15,90,1866,2,-1,758,-1
on,7th Gen AMD PRO A8-9630B,4,-1,6,2.6,3.3,-1,-1,2,-1,-1,-1,35,90,2400,2,-1,800,-1
on,7th Gen AMD PRO A8-9600B APU,4,-1,6,2.4,3.3,-1,-1,2,-1,-1,-1,15,90,1866,2,-1,720,-1
on,7th Gen AMD PRO A6-9500B APU,2,-1,4,2.3,3.2,-1,-1,1,-1,-1,-1,15,90,1866,2,-1,800,-1
on,7th Gen FX™ 9830P APU,4,-1,8,3,3.7,-1,-1,2,-1,-1,-1,35,90,2400,2,-1,900,-1
on,7th Gen FX™ 9800P APU,4,-1,8,2.7,3.6,-1,-1,2,-1,-1,-1,15,90,1866,2,-1,758,-1
on,7th Gen E2-9010 APU,2,-1,2,200,2.2,-1,-1,1,-1,-1, 3.0 x8,15,90,186,-1,-1,600,-1
on,AMD EPYC™ 9554P,64,128,-1,3.1,3.75,3.75,-1,-1,256,7104, 5.0 x128,360,-1,4800,12,460.80 GB/s,-1,-1
on,AMD EPYC™ 9554,64,128,-1,3.1,3.75,3.75,-1,-1,256,9087, 5.0 x128,360,-1,4800,12,460.80 GB/s,-1,-1
on,6th Gen A10-8700P APU,4,4,6,1.8,3.2,-1,-1,2,-1,-1,-1,15,90,2133,2,-1,800,-1
on,AMD EPYC™ 9534,64,128,-1,2.45,3.7,3.55,-1,-1,256,8803, 5.0 x128,280,-1,4800,12,460.80 GB/s,-1,-1
on,6th Gen A8-8600P APU,4,4,6,1.6,3,-1,-1,2,-1,-1,-1,15,90,2133,2,-1,720,-1
on,AMD EPYC™ 9474F,48,96,-1,3.6,4.1,3.95,-1,-1,256,6780, 5.0 x128,360,-1,4800,12,460.80 GB/s,-1,-1
on,6th Gen AMD PRO A12-8870 APU,4,-1,8,3.7,4.2,-1,-1,2,-1,-1,3,65,-1,2400,2,-1,1108,-1
on,AMD EPYC™ 9454P,48,96,-1,2.75,3.8,3.65,-1,-1,256,4598, 5.0 x128,290,-1,4800,12,460.80 GB/s,-1,-1
on,6th Gen AMD PRO A12-8870E APU,4,-1,8,2.9,3.8,-1,-1,2,-1,-1,3,35,-1,2400,2,-1,900,-1
on,AMD EPYC™ 9454,48,96,-1,2.75,3.8,3.65,-1,-1,256,5225, 5.0 x128,290,-1,4800,12,460.80 GB/s,-1,-1
on,6th Gen AMD PRO A10-8850B APU,4,4,8,3.9,4.1,-1,-1,4,-1,-1,-1,95,72.4,2133,2,-1,800,-1
on,AMD EPYC™ 9374F,32,64,-1,3.85,4.3,4.1,-1,-1,256,4850, 5.0 x128,320,-1,4800,12,460.80 GB/s,-1,-1
on,AMD EPYC™ 9354P,32,64,-1,3.25,3.8,3.75,-1,-1,256,2730, 5.0 x128,280,-1,4800,12,460.80 GB/s,-1,-1
on,6th Gen AMD PRO A10-8770 APU,4,-1,6,3.5,3.8,-1,-1,2,-1,-1,3,65,-1,2400,2,-1,1029,-1
on,6th Gen AMD PRO A10-8770E APU,4,-1,6,2.8,3.5,-1,-1,2,-1,-1,3,35,-1,2400,2,-1,847,-1
on,AMD EPYC™ 9354,32,64,-1,3.25,3.8,3.75,-1,-1,256,3420, 5.0 x128,280,-1,4800,12,460.80 GB/s,-1,-1
on,AMD EPYC™ 9334,32,64,-1,2.7,3.9,3.85,-1,-1,128,2990, 5.0 x128,210,-1,4800,12,460.80 GB/s,-1,-1
on,6th Gen AMD PRO A10-8750B APU,4,4,8,3.6,4,-1,-1,4,-1,-1,-1,65,71.3,2133,2,-1,757,-1
on,6th Gen AMD PRO A8-8650B APU,4,4,6,3.2,3.9,-1,-1,4,-1,-1,-1,65,71.3,2133,2,-1,757,-1
on,AMD EPYC™ 9274F,24,48,-1,4.05,4.3,4.1,-1,-1,256,3060, 5.0 x128,320,-1,4800,12,460.80 GB/s,-1,-1
on,AMD EPYC™ 9254,24,48,-1,2.9,4.15,3.9,-1,-1,128,2299, 5.0 x128,200,-1,4800,12,460.80 GB/s,-1,-1
on,6th Gen AMD PRO A6-8570 APU,2,-1,6,3.5,3.8,-1,-1,1,-1,-1,3,65,-1,2400,2,-1,1029,-1
on,AMD EPYC™ 9224,24,48,-1,2.5,3.7,3.65,-1,-1,64,1825, 5.0 x128,200,-1,4800,12,460.80 GB/s,-1,-1
on,6th Gen AMD PRO A6-8570E APU,2,-1,4,3,3.4,-1,-1,1,-1,-1,3,35,-1,2400,2,-1,800,-1
on,6th Gen AMD PRO A6-8550B APU,2,2,4,3.7,4,-1,-1,1,-1,-1,-1,65,71.3,2133,2,-1,800,-1
on,AMD EPYC™ 9174F,16,32,-1,4.1,4.4,4.15,-1,-1,256,3850, 5.0 x128,320,-1,4800,12,460.80 GB/s,-1,-1
on,6th Gen AMD PRO A4-8350B APU,2,2,4,3.5,3.9,-1,-1,1,-1,-1,-1,65,71.3,1866,2,-1,757,-1
on,AMD EPYC™ 9124,16,32,-1,3,3.7,3.6,-1,-1,64,1083, 5.0 x128,200,-1,4800,12,460.80 GB/s,-1,-1
on,6th Gen AMD PRO A12-8830B APU,4,-1,6,2.5,3.4,-1,-1,2,-1,-1,-1,-1,-1,1866,-1,-1,758,-1
on,6th Gen AMD PRO A12-8800B APU,4,4,8,2.1,3.4,-1,-1,2,-1,-1,-1,15,-1,2133,2,-1,800,-1
on,6th Gen AMD PRO A10-8730B APU,4,-1,6,2.4,3.3,-1,-1,2,-1,-1,-1,-1,-1,1866,-1,-1,720,-1
on,6th Gen AMD PRO A10-8700B APU,4,4,6,1.8,3.2,-1,-1,2,-1,-1,-1,15,-1,2133,2,-1,800,-1
on,6th Gen AMD PRO A8-8600B APU,4,4,6,1.6,3,-1,-1,2,-1,-1,-1,15,-1,2133,2,-1,720,-1
on,6th Gen AMD PRO A6-8530B APU,2,-1,4,2.3,3.2,-1,-1,1,-1,-1,-1,-1,-1,1866,-1,-1,800,-1
on,6th Gen AMD PRO A6-8500B APU,2,4,4,1.6,3,-1,-1,1,-1,-1,-1,15,-1,1600,2,-1,800,-1
on,6th Gen FX-8800P APU,4,4,8,2.1,3.4,-1,-1,2,-1,-1,-1,15,90,2133,2,-1,800,-1
on,A10-7890K with Radeon™ R7 Graphics and Wraith cooler,4,-1,8,4.1,4.3,-1,256,4,-1,-1,-1,95,72.4,2133,2,-1,866,-1
on,A10-7870K with Radeon™ R7 Series,4,4,8,3.9,4.1,-1,256,4,-1,-1,-1,95,72.4,2133,2,-1,866,-1
on,A10-7870K with Radeon™ R7 Graphics and Near Silent Thermal Solution,4,-1,8,3.9,4.1,-1,256,4,-1,-1,-1,95,72.4,2133,2,-1,866,-1
on,A10-7860K with Radeon™ R7 Series,4,4,8,3.6,4,-1,256,4,-1,-1,-1,65,71.3,2133,2,-1,757,-1
on,A10-7860K with Radeon™ R7 Graphics and Near Silent Thermal Solution,4,4,8,3.6,4,-1,256,4,-1,-1,-1,65,71.3,2133,2,-1,757,-1
on,A10-7850K with Radeon™ R7 Series,4,4,8,3.7,4,-1,256,4,-1,-1,-1,95,72.4,2133,2,-1,720,-1
on,A10-7800 with Radeon™ R7 Series,4,4,8,3.5,3.9,-1,256,4,-1,-1,-1,-1,71.3,2133,2,-1,720,-1
on,A10-7700K with Radeon™ R7 Series,4,4,6,3.4,3.8,-1,256,4,-1,-1,-1,-1,72.4,2133,2,-1,720,-1
on,A10-6800K with Radeon™ HD 8670D,4,4,-1,4.1,4.4,-1,192,4,-1,-1,-1,100,74,2133,2,-1,844,-1
on,A10-6790K with Radeon™ HD 8670D,4,4,-1,4,4.3,-1,192,4,-1,-1,-1,100,74,1866,2,-1,844,-1
on,A10-6700 with Radeon™ HD 8670D,4,4,-1,3.7,4.3,-1,192,4,-1,-1,-1,65,71.3,1866,2,-1,844,-1
on,AMD EPYC™ 7773X,64,128,-1,2.2,3.5,-1,-1,-1,768,8800, 4.0 x128,280,-1,3200,8,204.80 GB/s,-1,-1
on,A10-6700T with Radeon™ HD 8650D,4,4,-1,2.5,3.5,-1,192,4,-1,-1,-1,45,71.3,1866,2,-1,720,-1
on,AMD EPYC™ 7763,64,128,-1,2.45,3.5,-1,-1,-1,256,7890, 4.0 x128,280,-1,3200,8,204.80 GB/s,-1,-1
on,AMD EPYC™ 7713P,64,128,-1,2,3.675,-1,-1,-1,256,5010, 4.0 x128,225,-1,3200,8,204.80 GB/s,-1,-1
on,AMD EPYC™ 7713,64,128,-1,2,3.675,-1,-1,-1,256,7060, 4.0 x128,225,-1,3200,8,204.80 GB/s,-1,-1
on,AMD EPYC™ 7663,56,112,-1,2,3.5,-1,-1,-1,256,6366, 4.0 x128,240,-1,3200,8,204.80 GB/s,-1,-1
on,AMD EPYC™ 7643,48,96,-1,2.3,3.6,-1,-1,-1,256,4995, 4.0 x128,225,-1,3200,8,204.80 GB/s,-1,-1
on,AMD EPYC™ 7573X,32,64,-1,2.8,3.6,-1,-1,-1,768,5590, 4.0 x128,280,-1,3200,8,204.80 GB/s,-1,-1
on,AMD EPYC™ 75F3,32,64,-1,2.95,4,-1,-1,-1,256,4860, 4.0 x128,280,-1,3200,8,204.80 GB/s,-1,-1
on,AMD EPYC™ 7543P,32,64,-1,2.8,3.7,-1,-1,-1,256,2730, 4.0 x128,225,-1,3200,8,204.80 GB/s,-1,-1
on,AMD EPYC™ 7543,32,64,-1,2.8,3.7,-1,-1,-1,256,3761, 4.0 x128,225,-1,3200,8,204.80 GB/s,-1,-1
on,AMD EPYC™ 7513,32,64,-1,2.6,3.65,-1,-1,-1,128,2840, 4.0 x128,200,-1,3200,8,204.80 GB/s,-1,-1
on,AMD EPYC™ 7473X,24,48,-1,2.8,3.7,-1,-1,-1,768,3900, 4.0 x128,240,-1,3200,8,204.80 GB/s,-1,-1
on,AMD EPYC™ 7453,28,56,-1,2.75,3.45,-1,-1,-1,64,1570, 4.0 x128,225,-1,3200,8,204.80 GB/s,-1,-1
on,AMD EPYC™ 74F3,24,48,-1,3.2,4,-1,-1,-1,256,2900, 4.0 x128,240,-1,3200,8,204.80 GB/s,-1,-1
on,AMD EPYC™ 7443P,24,48,-1,2.85,4,-1,-1,-1,128,1337, 4.0 x128,200,-1,3200,8,204.80 GB/s,-1,-1
on,AMD EPYC™ 7443,24,48,-1,2.85,4,-1,-1,-1,128,2010, 4.0 x128,200,-1,3200,8,204.80 GB/s,-1,-1
on,AMD EPYC™ 7413,24,48,-1,2.65,3.6,-1,-1,-1,128,1825, 4.0 x128,180,-1,3200,8,204.80 GB/s,-1,-1
on,AMD EPYC™ 73F3,16,32,-1,3.5,4,-1,-1,-1,256,3521, 4.0 x128,240,-1,3200,8,204.80 GB/s,-1,-1
on,AMD EPYC™ 7373X,16,32,-1,3.05,3.8,-1,-1,-1,768,4185, 4.0 x128,240,-1,3200,8,204.80 GB/s,-1,-1
on,AMD EPYC™ 7343,16,32,-1,3.2,3.9,-1,-1,-1,128,1565, 4.0 x128,190,-1,3200,8,204.80 GB/s,-1,-1
on,AMD EPYC™ 7313P,16,32,-1,3,3.7,-1,-1,-1,128,913, 4.0 x128,155,-1,3200,8,204.80 GB/s,-1,-1
on,AMD EPYC™ 7313,16,32,-1,3,3.7,-1,-1,-1,128,1083, 4.0 x128,155,-1,3200,8,204.80 GB/s,-1,-1
on,AMD EPYC™ 72F3,8,16,-1,3.7,4.1,-1,-1,-1,256,2468, 4.0 x128,180,-1,3200,8,204.80 GB/s,-1,-1
on,A8-7670K with Radeon™ R7 Graphics and Near Silent Thermal Solution,4,4,6,3.6,3.9,-1,256,4,-1,-1,-1,95,72.4,2133,2,-1,757,-1
on,AMD EPYC™ 7F72,24,48,-1,3.2,3.7,-1,-1,-1,192,2450, 4.0 x128,240,-1,3200,8,204.80 GB/s,-1,-1
on,A8-7650K with Radeon™ R7 Series,4,4,6,3.3,3.8,-1,256,4,-1,-1,-1,95,72.4,2133,2,-1,720,-1
on,AMD EPYC™ 7F52,16,32,-1,3.5,3.9,-1,-1,-1,256,3100, 4.0 x128,240,-1,3200,8,204.80 GB/s,-1,-1
on,AMD EPYC™ 7F32,8,16,-1,3.7,3.9,-1,-1,-1,128,2100, 4.0 x128,180,-1,3200,8,204.80 GB/s,-1,-1
on,AMD EPYC™ 7H12,64,128,-1,2.6,3.3,-1,-1,-1,256,7250, 4.0 x128,280,-1,3200,8,204.80 GB/s,-1,-1
on,AMD EPYC™ 7742,64,128,-1,2.25,3.4,-1,-1,-1,256,6950, 4.0 x128,225,-1,3200,8,204.80 GB/s,-1,-1
on,A8-7650K with Radeon™ R7 Graphics and Near Silent Thermal Solution,4,4,6,3.3,3.8,-1,256,4,-1,-1,-1,95,72.4,2133,2,-1,720,-1
on,A8-7600 with Radeon™ R7 Series,4,4,6,3.1,3.8,-1,256,4,-1,-1,-1,65,71.3,2133,2,-1,720,-1
on,AMD EPYC™ 7702,64,128,-1,2,3.35,-1,-1,-1,256,6450, 4.0 x128,200,-1,3200,8,204.80 GB/s,-1,-1
on,A8-6600K with Radeon™ HD 8570D,4,4,-1,3.9,4.2,-1,192,4,-1,-1,-1,65,74,1866,2,-1,844,-1
on,AMD EPYC™ 7702P,64,128,-1,2,3.35,-1,-1,-1,256,4425, 4.0 x128,200,-1,3200,8,204.80 GB/s,-1,-1
on,AMD EPYC™ 7662,64,128,-1,2,3.3,-1,-1,-1,256,6150, 4.0 x128,225,-1,3200,8,204.80 GB/s,-1,-1
on,A8-6500 with Radeon™ HD 8570D,4,4,-1,3.5,4.1,-1,192,4,-1,-1,-1,65,71.3,1866,2,-1,800,-1
on,AMD EPYC™ 7642,48,96,-1,2.3,3.3,-1,-1,-1,256,4775, 4.0 x128,225,-1,3200,8,204.80 GB/s,-1,-1
on,A8-6500T with Radeon™ HD 8550D,4,4,-1,2.1,3.1,-1,192,4,-1,-1,-1,45,71.3,1866,2,-1,720,-1
on,AMD EPYC™ 7552,48,96,-1,2.2,3.3,-1,-1,-1,192,4025, 4.0 x128,200,-1,3200,8,204.80 GB/s,-1,-1
on,AMD EPYC™ 7542,32,64,-1,2.9,3.4,-1,-1,-1,128,3400, 4.0 x128,225,-1,3200,8,204.80 GB/s,-1,-1
on,AMD EPYC™ 7532,32,64,-1,2.4,3.3,-1,-1,-1,256,2380, 4.0 x128,200,-1,3200,8,204.80 GB/s,-1,-1
on,AMD EPYC™ 7502,32,64,-1,2.5,3.35,-1,-1,-1,128,2600, 4.0 x128,180,-1,3200,8,204.80 GB/s,-1,-1
on,AMD EPYC™ 7502P,32,64,-1,2.5,3.35,-1,-1,-1,128,2300, 4.0 x128,180,-1,3200,8,204.80 GB/s,-1,-1
on,AMD EPYC™ 7452,32,64,-1,2.35,3.35,-1,-1,-1,128,2025, 4.0 x128,155,-1,3200,8,204.80 GB/s,-1,-1
on,AMD EPYC™ 7402,24,48,-1,2.8,3.35,-1,-1,-1,128,1783, 4.0 x128,180,-1,3200,8,204.80 GB/s,-1,-1
on,AMD EPYC™ 7402P,24,48,-1,2.8,3.35,-1,-1,-1,128,1250, 4.0 x128,180,-1,3200,8,204.80 GB/s,-1,-1
on,A6-7470K with Radeon™ R5 Series,2,-1,4,3.7,4,-1,256,1,-1,-1,-1,65,71.3,2133,2,-1,800,-1
on,AMD EPYC™ 7352,24,48,-1,2.3,3.2,-1,-1,-1,128,1080, 4.0 x128,155,-1,3200,8,204.80 GB/s,-1,-1
on,A6-7400K with Radeon™ R5 Series,2,2,4,3.5,3.9,-1,128,1,-1,-1,-1,65,70,1866,2,-1,758,-1
on,AMD EPYC™ 7302,16,32,-1,3,3.3,-1,-1,-1,128,978, 4.0 x128,155,-1,3200,8,204.80 GB/s,-1,-1
on,AMD EPYC™ 7302P,16,32,-1,3,3.3,-1,-1,-1,128,825, 4.0 x128,155,-1,3200,8,204.80 GB/s,-1,-1
on,A6-6420K with Radeon™ HD 8470D,2,2,-1,4,4.2,-1,96,1,-1,-1,-1,65,70,1866,2,-1,800,-1
on,AMD EPYC™ 7282,16,32,-1,2.8,3.2,-1,-1,-1,64,604, 4.0 x128,120,-1,3200,8,85.30 GB/s,-1,-1
on,A6-6310 with Radeon™ R4 Graphics,4,4,-1,1.8,2.4,-1,128,2,-1,-1,-1,17.5,90,1866,1,-1,800,-1
on,AMD EPYC™ 7272,12,24,-1,2.9,3.2,-1,-1,-1,64,549, 4.0 x128,120,-1,3200,8,85.30 GB/s,-1,-1
on,A6-6400K with Radeon™ HD 8470D,2,2,-1,3.9,4.1,-1,96,1,-1,-1,-1,65,70,1866,2,-1,800,-1
on,AMD EPYC™ 7262,8,16,-1,3.2,3.4,-1,-1,-1,128,505,x128,155,-1,3200,8,204.80 GB/s,-1,-1
on,A6-5200 with Radeon™ HD 8400,4,4,-1,2,-1,-1,256,2,-1,-1,-1,25,90,1600,1,-1,600,-1
on,AMD EPYC™ 7252,8,16,-1,3.1,3.2,-1,-1,-1,64,348, 4.0 x128,120,-1,3200,8,85.30 GB/s,-1,-1
on,AMD EPYC™ 7232P,8,16,-1,3.1,3.2,-1,-1,-1,32,338, 4.0 x128,120,-1,3200,8,85.30 GB/s,-1,-1
on,AMD EPYC™ 7601,32,64,-1,2.2,3.2,-1,-1,-1,64,3270, 3.0 x128,180,-1,2666,8,170.60 GB/s,-1,-1
on,AMD EPYC™ 7551P,32,64,-1,2,3,-1,-1,-1,64,1830, 3.0 x128,180,-1,2666,8,170.60 GB/s,-1,-1
on,AMD EPYC™ 7551,32,64,-1,2,3,-1,-1,-1,64,2660, 3.0 x128,180,-1,2666,8,170.60 GB/s,-1,-1
on,AMD EPYC™ 7501,32,64,-1,2,3,-1,-1,-1,64,2870, 3.0 x128,162.5,-1,2400/2666,8,153.60 GB/s/170.60 GB/s,-1,-1
on,AMD EPYC™ 7451,24,48,-1,2.3,3.2,-1,-1,-1,64,1880, 3.0 x128,180,-1,2666,8,170.60 GB/s,-1,-1
on,A4-7300 with Radeon™ HD 8470D,2,2,-1,3.8,4,-1,96,1,-1,-1,-1,65,70,1600,2,-1,800,-1
on,AMD EPYC™ 7401P,24,48,-1,2,3,-1,-1,-1,64,920, 3.0 x128,162.5,-1,2400/2666,8,153.60 GB/s/170.60 GB/s,-1,-1
on,A4-6320 with Radeon™ HD 8370D,2,2,-1,3.8,4,-1,96,1,-1,-1,-1,65,70,1600,2,-1,760,-1
on,AMD EPYC™ 7401,24,48,-1,2,3,-1,-1,-1,64,1620, 3.0 x128,162.5,-1,2400/2666,8,153.60 GB/s/170.60 GB/s,-1,-1
on,A4-6300 with Radeon™ HD 8370D,2,2,-1,3.7,3.9,-1,96,1,-1,-1,-1,65,70,1600,2,-1,760,-1
on,AMD EPYC™ 7371,16,32,-1,3.1,3.8,-1,-1,-1,64,1550, 3.0 x128,200,-1,2666,8,170.60 GB/s,-1,-1
on,AMD EPYC™ 7351P,16,32,-1,2.4,2.9,-1,-1,-1,64,660, 3.0 x128,162.5,-1,2400/2666,8,153.60 GB/s/170.60 GB/s,-1,-1
on,AMD EPYC™ 7351,16,32,-1,2.4,2.9,-1,-1,-1,64,890, 3.0 x128,162.5,-1,2400/2666,8,153.60 GB/s/170.60 GB/s,-1,-1
on,AMD EPYC™ 7301,16,32,-1,2.2,2.7,-1,-1,-1,64,740, 3.0 x128,162.5,-1,2400/2666,8,153.60 GB/s/170.60 GB/s,-1,-1
on,A4-5100 with Radeon™ HD 8330,4,4,-1,1.55,-1,-1,256,2,-1,-1,-1,15,90,1600,1,-1,500,-1
on,AMD EPYC™ 7281,16,32,-1,2.1,2.7,-1,-1,-1,32,580, 3.0 x128,162.5,-1,2400/2666,8,153.60 GB/s/170.60 GB/s,-1,-1
on,A4-5000 with Radeon™ HD 8330,4,4,-1,1.5,-1,-1,256,2,-1,-1,-1,15,90,1600,1,-1,500,-1
on,AMD EPYC™ 7261,8,16,-1,2.5,2.9,-1,-1,-1,64,570,-1,162.5,-1,2400/2666,8,153.60 GB/s/170.60 GB/s,-1,-1
on,AMD EPYC™ 7251,8,16,-1,2.1,2.9,-1,-1,-1,32,400, 3.0 x128,120,-1,2400,8,153.60 GB/s,-1,-1
on,FX-9590,8,8,-1,4.7,5,-1,384,8,8,-1,n/a,220,57,1866,-1,-1,-1,-1
on,FX-9370,8,8,-1,4.4,4.7,-1,384,8,8,-1,n/a,220,57,1866,-1,-1,-1,-1
on,FX-8370 with Wraith cooler,8,8,-1,4,4.3,-1,384,8,8,-1,n/a,125,61.1,1866,2,-1,-1,-1
on,FX-8370E,8,8,-1,3.3,4.3,-1,384,8,8,-1,n/a,95,70.5,1866,-1,-1,-1,-1
on,A10-7400P with Radeon™ R6 Graphics,4,4,6,2.5,3.4,-1,-1,4,-1,-1,-1,35,-1,1866,2,-1,654,-1
on,FX-8370,8,8,-1,4,4.3,-1,384,8,8,-1,n/a,125,61.1,1866,-1,-1,-1,-1
on,A10-7300 with Radeon™ R6 Graphics,4,4,6,1.9,3.2,-1,-1,4,-1,-1,-1,20,-1,-1,2,-1,553,-1
on,FX-8350 with Wraith cooler,8,8,-1,4,4.2,-1,384,8,8,-1,n/a,125,61,1866,-1,-1,-1,-1
on,FX-8350,8,8,-1,4,4.2,-1,384,8,8,-1,n/a,125,61,1866,-1,-1,-1,-1
on,A10 Micro-6700T with Radeon™ R6 Graphics,4,4,-1,2.2,-1,-1,-1,2,-1,-1,-1,4.5,-1,1333,1,-1,-1,-1
on,FX-8320E,8,8,-1,3.2,4,-1,384,8,8,-1,n/a,95,70.5,1866,-1,-1,-1,-1
on,FX-8320,8,8,-1,3.5,4,-1,384,8,8,-1,n/a,125,61.1,1866,-1,-1,-1,-1
on,FX-8310,8,8,-1,3.4,4.3,-1,-1,8,-1,-1,n/a,95,70.5,-1,-1,-1,-1,-1
on,FX-8300,8,8,-1,3.3,4.2,-1,384,8,8,-1,n/a,95,70.5,1866,-1,-1,-1,-1
on,FX-8150,8,8,-1,3.6,4.2,-1,384,8,8,-1,n/a,125,61,-1,-1,-1,-1,-1
on,FX-8120,8,8,-1,3.1,4,-1,384,8,8,-1,n/a,125,61,-1,-1,-1,-1,-1
on,A8-7410 with Radeon™ R5 Graphics,4,4,-1,2.2,2.5,-1,-1,2,-1,-1,-1,15,90,1866,1,-1,847,-1
on,FX-6350 with Wraith cooler,6,6,-1,3.9,4.2,-1,288,6,8,-1,n/a,125,61,1866,-1,-1,-1,-1
on,A8-7200P with Radeon™ R5 Graphics,4,4,4,2.4,3.3,-1,-1,4,-1,-1,-1,100,-1,1866,2,-1,626,-1
on,FX-6350,6,6,-1,3.9,4.2,-1,288,6,8,-1,n/a,125,61,1866,-1,-1,-1,-1
on,A8-7100 with Radeon™ R5 Graphics,4,4,4,1.8,3,-1,-1,4,-1,-1,-1,20,-1,1600,2,-1,514,-1
on,FX-6300,6,6,-1,3.5,3.8,-1,288,6,8,-1,3,95,70.5,1866,-1,-1,-1,-1
on,A8-6410 with Radeon™ R5 Graphics,4,4,-1,2,2.4,-1,-1,2,-1,-1,-1,15,90,1866,1,-1,847,-1
on,FX-6200,6,6,-1,3.8,4.1,-1,288,6,8,-1,n/a,125,61.1,1866,-1,-1,-1,-1
on,FX 6100,6,6,-1,3.3,3.9,-1,288,6,8,-1,n/a,95,70,1866,-1,-1,-1,-1
on,FX-4350,4,4,-1,4.2,4.3,-1,192,4,8,-1,n/a,125,61.1,1866,-1,-1,-1,-1
on,FX-4320,4,4,-1,4,4.1,-1,192,4,4,-1,Not Listed,95,70.5,1866,-1,-1,-1,-1
on,FX-4300,4,4,-1,3.8,4,-1,192,4,4,-1,n/a,95,70.5,1866,-1,-1,-1,-1
on,FX-4170,4,4,-1,4.2,4.3,-1,192,4,8,-1,n/a,125,61.1,-1,-1,-1,-1,-1
on,FX-4130,4,4,-1,3.8,3.9,-1,192,4,4,-1,n/a,125,70,1866,-1,-1,-1,-1
on,FX-4100,4,4,-1,3.6,3.8,-1,192,4,8,-1,n/a,95,70.5,1866,-1,-1,-1,-1
on,1075T,6,6,-1,3.5,-1,-1,768,3,6,-1,n/a,95,-1,-1,-1,-1,-1,-1
on,1045T,-1,-1,-1,2.7,3.2,-1,768,3,6,-1,n/a,95,71,-1,-1,-1,-1,-1
on,A6-8500P with Radeon™ R5 Graphics,2,2,4,1.6,3,-1,-1,1,-1,-1,-1,15,90,-1,2,-1,800,-1
on,980,4,4,-1,3.7,-1,-1,512,2,6,-1,n/a,125,-1,-1,-1,-1,-1,-1
on,A6-7310 with Radeon™ R4 Graphics,4,4,-1,2,2.4,-1,-1,2,-1,-1,-1,15,90,1866,1,-1,800,-1
on,A6-7310 with Radeon™ R4 Graphics,4,4,-1,2,2.4,-1,-1,2,-1,-1,-1,15,90,1866,1,-1,800,-1
on,975,4,4,-1,3.6,-1,-1,512,2,6,-1,n/a,125,62,-1,-1,-1,-1,-1
on,A6-7000 with Radeon™ R4 Graphics,2,2,3,2.2,3,-1,-1,1,-1,-1,-1,17,-1,-1,2,-1,533,-1
on,965,4,4,-1,3.4,-1,-1,-1,2,-1,-1,n/a,80,-1,-1,-1,-1,-1,-1
on,960T,4,4,-1,3,3.4,-1,512,512,-1,-1,n/a,95,71,-1,-1,-1,-1,-1
on,A6-6310 with Radeon™ R4 Graphics,4,4,-1,2.4,-1,-1,-1,2,-1,-1,-1,15,-1,1865,1,-1,-1,-1
on,850,4,4,-1,3.3,-1,-1,512,2,-1,-1,n/a,95,-1,-1,-1,-1,-1,-1
on,840,4,4,-1,3.2,-1,-1,512,2,-1,-1,n/a,95,71,-1,-1,-1,-1,-1
on,A6-5350M with Radeon™ HD 8450G,2,2,-1,2.9,3.5,-1,-1,2,-1,-1,-1,35,-1,1600,2,-1,533,-1
on,570,2,2,-1,4,-1,-1,-1,-1,6,-1,n/a,80,-1,-1,-1,-1,-1,-1
on,565,2,2,-1,3.4,-1,-1,0,1,-1,-1,-1,80,-1,-1,-1,-1,-1,-1
on,A6-5200M with Radeon™ HD 8400,4,4,-1,2,-1,-1,-1,2,-1,-1,-1,25,-1,-1,1,-1,-1,-1
on,555,2,2,-1,3.2,-1,-1,-1,1,-1,-1,n/a,80,-1,-1,-1,-1,-1,-1
on,565,2,2,-1,3.4,-1,-1,256,1,6,-1,n/a,80,70,-1,-1,-1,-1,-1
on,X940,4,4,-1,2.4,-1,-1,512,2,-1,-1,n/a,45,100,-1,-1,-1,-1,-1
on,N970,4,4,-1,2.2,-1,-1,512,2,-1,-1,n/a,35,100,-1,-1,-1,-1,-1
on,N960,4,4,-1,1.8,-1,-1,512,2,-1,-1,n/a,35,100,-1,-1,-1,-1,-1
on,N870,3,3,-1,2.3,-1,-1,384,1.5,-1,-1,n/a,35,100,-1,-1,-1,-1,-1
on,P860,3,3,-1,2,-1,-1,384,1.5,-1,-1,n/a,35,100,-1,-1,-1,-1,-1
on,N660,2,2,-1,3,-1,-1,256,2,-1,-1,n/a,35,100,-1,-1,-1,-1,-1
on,A4-7210 with Radeon™ R3 Graphics,4,4,-1,1.8,2.2,-1,-1,2,-1,-1,-1,65,90,1600,1,-1,686,-1
on,A4 Micro-6400T with Radeon™ R3 Graphics,4,4,-1,1.6,-1,-1,-1,2,-1,-1,-1,4.5,-1,1333,1,-1,-1,-1
on,P650,2,2,-1,2.6,-1,-1,256,2,-1,-1,n/a,35,100,-1,-1,-1,-1,-1
on,A4-6210 with Radeon™ R3 Graphics,4,4,-1,1.8,-1,-1,-1,2,-1,-1,-1,15,-1,1599,1,-1,-1,-1
on,N640,2,2,-1,2.8,-1,-1,256,2,-1,-1,n/a,35,100,-1,-1,-1,-1,-1
on,B99,4,4,-1,3.3,-1,-1,-1,2,-1,-1,n/a,95,-1,-1,-1,-1,-1,-1
on,B97,4,4,-1,3.2,-1,-1,-1,2,-1,-1,n/a,95,-1,-1,-1,-1,-1,-1
on,B95,-1,-1,-1,3,-1,-1,-1,2,-1,-1,n/a,95,-1,-1,-1,-1,-1,-1
on,A4-5100 with Radeon™ HD 8330,4,4,-1,1.55,-1,-1,-1,2,-1,-1,-1,15,-1,-1,1,-1,-1,-1
on,A4-5000 with Radeon™ HD 8330,4,4,-1,1.5,-1,-1,-1,2,-1,-1,-1,15,-1,-1,1,-1,-1,-1
on,B77,3,3,-1,3.2,-1,-1,-1,1.5,-1,-1,n/a,95,-1,-1,-1,-1,-1,-1
on,B75,3,3,-1,3,-1,-1,-1,1.5,-1,-1,n/a,95,-1,-1,-1,-1,-1,-1
on,B60,2,2,-1,3.5,-1,-1,-1,1,-1,-1,n/a,80,-1,-1,-1,-1,-1,-1
on,B59,2,2,-1,3.4,-1,-1,-1,1,-1,-1,n/a,80,-1,-1,-1,-1,-1,-1
on,B57,2,2,-1,3.2,-1,-1,-1,1,-1,-1,n/a,80,-1,-1,-1,-1,-1,-1
on,641,4,4,-1,2.8,-1,-1,512,4,-1,-1,Not Listed,100,70.1,-1,-1,-1,-1,-1
on,638,4,4,-1,2.7,-1,-1,512,4,-1,-1,Not Listed,65,70.1,-1,-1,-1,-1,-1
on,631,4,4,-1,2.6,-1,-1,-1,4,-1,-1,Not Listed,65,-1,-1,-1,-1,-1,-1
on,631,4,4,-1,2.6,-1,-1,-1,4,-1,-1,Not Listed,100,70.1,-1,-1,-1,-1,-1
on,620e,4,4,-1,2.7,-1,-1,-1,-1,-1,-1,Not Listed,45,-1,-1,-1,-1,-1,-1
on,460,3,3,-1,3.4,-1,-1,384,1.5,-1,-1,Not Listed,95,75,-1,-1,-1,-1,-1
on,425e,3,3,-1,2.7,-1,-1,384,1.5,-1,-1,Not Listed,45,-1,-1,-1,-1,-1,-1
on,255e,2,2,-1,3.1,-1,-1,256,2,-1,-1,Not Listed,45,72,-1,-1,-1,-1,-1
on,A10-8700P with Radeon™ R6 Graphics,4,4,6,1.8,3.2,-1,-1,2,-1,-1,-1,-1,90,2133,2,-1,800,-1
on,7th Gen AMD Athlon™ X4 970,4,4,-1,3.8,4,-1,-1,2,-1,-1,3,65,-1,2400,-1,-1,-1,-1
on,A8-8600P with Radeon™ R6 Graphics,4,4,6,1.6,3,-1,-1,2,-1,-1,-1,-1,90,2133,2,-1,720,-1
on,7th Gen AMD Athlon™ X4 950,4,4,-1,3.5,3.8,-1,-1,2,-1,-1,3,-1,-1,2400,-1,-1,-1,-1
on,A8-6410 with Radeon™ R5 Graphics,4,4,-1,2.2,2.5,-1,-1,2,-1,-1,-1,-1,90,1866,1,-1,847,-1
on,7th Gen AMD Athlon™ X4 940,4,4,-1,3.2,3.6,-1,-1,2,-1,-1,3,-1,-1,2400,-1,-1,-1,-1
on,A6-8500P with Radeon™ R5 Graphics,2,2,4,1.6,3,-1,-1,1,-1,-1,-1,-1,90,-1,2,-1,800,-1
on,A6-7310 with Radeon™ R4 Graphics,4,4,-1,2,2.4,-1,-1,2,-1,-1,-1,-1,90,1866,1,-1,800,-1
on,880K with Near Silent Thermal Solution,4,-1,-1,4,4.2,-1,256,4,-1,-1,-1,95,72.4,2133,2,-1,-1,-1
on,A4-7210 with Radeon™ R3 Graphics,4,4,-1,1.8,2.2,-1,-1,2,-1,-1,-1,65,90,1600,1,-1,686,-1
on,870K with Near Silent Thermal Solution,4,4,-1,3.9,4.1,-1,128,4,-1,-1,3,95,72.4,2133,2,-1,-1,-1
on,860K,4,4,-1,3.7,4,-1,128,4,-1,-1,3,95,72.4,2133,2,-1,-1,-1
on,A10-6800B with Radeon™ HD 8670D,4,4,-1,4.1,4.4,-1,192,4,-1,-1,-1,45,74,2133,2,-1,844,-1
on,860K with Near Silent Thermal Solution,4,4,-1,3.7,4,-1,128,4,-1,-1,3,95,72.4,2133,2,-1,-1,-1
on,A10-6790B with Radeon™ HD 8670D,4,4,-1,4,4.3,-1,192,4,-1,-1,-1,45,74,1866,2,-1,844,-1
on,845 with Near Silent Thermal Solution,4,4,-1,3.5,3.8,-1,-1,2,-1,-1,3,-1,71.3,2133,2,-1,-1,-1
on,A8-6500B with Radeon™ HD 8570D,4,4,-1,3.5,4.1,-1,192,4,-1,-1,-1,65,71.3,1866,2,-1,800,-1
on,760K,4,4,-1,3.8,4.1,-1,-1,4,-1,-1,Not Listed,100,-1,-1,-1,-1,-1,-1
on,750,4,-1,-1,3.4,4,-1,192,4,-1,-1,n/a,65,71.3,1866,2,-1,-1,-1
on,A6-6420B with Radeon™ HD 8470D,2,2,-1,4,4.2,-1,96,1,-1,-1,-1,65,70,1866,2,-1,800,-1
on,750K,4,4,-1,3.4,4,-1,-1,4,-1,-1,Not Listed,100,-1,-1,-1,-1,-1,-1
on,740,4,4,-1,3.2,3.7,-1,-1,4,-1,-1,Not Listed,65,-1,-1,-1,-1,-1,-1
on,A6-6400B with Radeon™ HD 8470D,2,2,-1,3.9,4.1,-1,96,1,-1,-1,-1,65,70,1866,2,-1,800,-1
on,2800+,-1,-1,-1,56,-1,-1,-1,-1,-1,-1,n/a,45,70,-1,-1,-1,-1,-1
on,X1150,4,4,-1,2,-1,-1,-1,2,-1,-1,n/a,17,70,800,-1,-1,-1,-1
on,6386 SE,16,16,-1,2.8,3.5,-1,48,16,16,-1,n/a,140,64.4,2000,-1,-1,-1,-1
on,6380,16,16,-1,2.5,3.4,-1,768,16,16,-1,n/a,115,69,2000,-1,-1,-1,-1
on,A10 PRO-7850B with Radeon™ R7 Graphics,4,4,8,3.7,4,-1,256,4,-1,-1,-1,95,72.4,2133,2,-1,720,-1
on,6378,16,16,-1,2.4,3.3,-1,768,16,16,-1,n/a,115,69,2000,-1,-1,-1,-1
on,6376,16,16,-1,2.3,2,-1,768,16,16,-1,n/a,115,69,2000,-1,-1,-1,-1
on,A10 PRO-7800B with Radeon™ R7 Graphics,4,4,8,3.5,3.9,-1,256,4,-1,-1,-1,65,71.3,2133,2,-1,720,-1
on,A8 PRO-7600B with Radeon™ R7 Graphics,4,4,6,3.1,3.8,-1,-1,4,-1,-1,-1,65,71.3,2133,2,-1,720,-1
on,6370P,16,16,-1,2,2.5,-1,48,16,16,-1,n/a,99,69,2000,-1,-1,-1,-1
on,A6 PRO-7400B with Radeon™ R5 Graphics,2,2,4,3.5,3.9,-1,-1,1,-1,-1,-1,65,70,1866,2,-1,756,-1
on,6366 HE,16,16,-1,1.8,3.1,-1,768,16,16,-1,n/a,85,65,1800,-1,-1,-1,-1
on,A4 PRO-7350B with Radeon™ R5 Graphics,2,2,3,3.4,3.8,-1,-1,1,-1,-1,-1,65,70,1866,2,-1,514,-1
on,6348,12,12,-1,2.8,3.4,-1,576,12,16,-1,n/a,115,70.4,2000,-1,-1,-1,-1
on,A4 PRO-7300B with Radeon™ HD 8470D,2,2,-1,3.8,4,-1,96,1,-1,-1,-1,65,70,1600,2,-1,800,-1
on,6344,12,12,-1,2.6,2,-1,576,12,16,-1,n/a,115,70.4,2000,-1,-1,-1,-1
on,A10 PRO-7350B with Radeon™ R6 Graphics,4,4,6,2.1,3.3,-1,-1,4,-1,-1,-1,19,-1,1600,2,-1,553,-1
on,6338P,12,12,-1,2.3,2.8,-1,48,12,16,-1,n/a,99,69,2000,-1,-1,-1,-1
on,6328,8,8,-1,3.2,3.8,-1,384,8,16,-1,n/a,115,71.7,2000,-1,-1,-1,-1
on,A8 PRO-7150B with Radeon™ R5 Graphics,4,4,6,1.9,3.2,-1,-1,4,-1,-1,-1,100,-1,1600,2,-1,533,-1
on,6320,8,8,-1,2.8,3.3,-1,384,8,16,-1,n/a,115,71.7,2000,-1,-1,-1,-1
on,A6 PRO-7050B with Radeon™ R4 Graphics,2,2,3,2.2,3,-1,-1,1,-1,-1,-1,100,-1,1600,2,-1,533,-1
on,6308,4,4,-1,3.5,-1,-1,192,4,16,-1,n/a,115,74.4,2000,-1,-1,-1,-1
on,A4 PRO-3350B with Radeon™ R4 Graphics,4,4,2,2,2.4,-1,-1,2,-1,-1,-1,15,90,1600,1,-1,800,-1
on,A4 PRO-3340B with Radeon™ HD 8240 Graphics,4,4,2,2.2,-1,-1,-1,2,-1,-1,-1,25,-1,1600,1,-1,400,-1
on,6284 SE,16,16,-1,2.7,3.4,-1,768,16,16,-1,n/a,140,64.4,2000,-1,-1,-1,-1
on,6282 SE,16,16,-1,2.6,3.3,-1,768,16,16,-1,n/a,140,64.4,2000,-1,-1,-1,-1
on,FX-7600P with Radeon™ R7 Graphics,4,4,8,2.7,3.6,-1,-1,4,-1,-1,-1,35,-1,2133,2,-1,686,-1
on,AMD Athlon™ 3000G,2,4,3,3.5,-1,-1,192,1,4,-1,3,35,95,2667,2,-1,1100,-1
on,FX-7500 with Radeon™ R7 Graphics,4,4,6,2.1,3.3,-1,-1,4,-1,-1,-1,20,-1,1600,2,-1,553,-1
on,AMD Athlon™ 240GE,2,4,3,3.5,-1,-1,192,1,4,-1,3,35,95,2667,2,-1,1000,-1
on,6278,16,16,-1,2.4,3.3,-1,768,16,16,-1,n/a,115,69,2000,-1,-1,-1,-1
on,6276,16,16,-1,2.3,3.2,-1,768,16,16,-1,n/a,115,69,2000,-1,-1,-1,-1
on,AMD Athlon™ 220GE,2,4,3,3.4,-1,-1,192,1,4,-1,3,35,95,2667,2,-1,1000,-1
on,FX-8800P with Radeon™ R7 Graphics,4,4,8,2.1,3.4,-1,-1,2,-1,-1,-1,-1,90,2133,2,-1,800,-1
on,AMD Athlon™ 200GE,2,4,3,3.2,-1,-1,192,1,4,-1,3,35,95,2667,2,-1,1000,-1
on,Athlon™ 5370 APU with Radeon™ R3 Series,4,4,-1,2.2,-1,-1,256,2,-1,-1,-1,25,76,1600,1,-1,600,-1
on,6274,16,16,-1,2.2,3.1,-1,768,16,16,-1,n/a,115,69,2000,-1,-1,-1,-1
on,6272,16,16,-1,2.1,3,-1,768,16,16,-1,n/a,115,69,2000,-1,-1,-1,-1
on,Athlon™ 5350 APU with Radeon™ R3 Series,4,4,-1,2.05,-1,-1,256,2,-1,-1,-1,25,76,1600,1,-1,600,-1
on,AMD Athlon™ PRO 200U Mobile Processor with Radeon™ Vega 3 Graphics,2,4,3,2.3,3.2,-1,192,1,4,-1,3,15,105,2400,2,-1,1000,-1
on,6262 HE,16,16,-1,1.6,2.9,-1,768,16,16,-1,n/a,85,65,1800,-1,-1,-1,-1
on,Athlon™ 5150 APU with Radeon™ R3 Series,4,4,-1,1.6,-1,-1,256,2,-1,-1,-1,25,76,1600,1,-1,600,-1
on,AMD Athlon™ PRO 200GE,2,4,3,3.2,-1,-1,192,1,4,-1,3,35,95,2667,2,-1,1000,-1
on,6238,12,12,-1,2.6,3.2,-1,576,12,16,-1,n/a,115,70.4,2000,-1,-1,-1,-1
on,Sempron™ 3850 APU with Radeon™ R3 Series,4,4,-1,1.3,-1,-1,256,2,-1,-1,-1,25,90,1600,1,-1,450,-1
on,6234,12,12,-1,2.4,3,-1,576,12,16,-1,n/a,115,70.4,2000,-1,-1,-1,-1
on,Sempron™ 2650 APU with Radeon™ R3 Series,2,2,-1,1.45,-1,-1,128,1,-1,-1,-1,25,90,1333,1,-1,400,-1
on,E2-7110 with Radeon™ R2 Graphics,4,4,-1,1.8,1.8,-1,-1,2,-1,-1,-1,65,90,1600,1,-1,600,-1
on,6220,8,8,-1,3,3.6,-1,384,8,16,-1,n/a,115,71.7,2000,-1,-1,-1,-1
on,E2-7110 with Radeon™ R2 Graphics,4,4,-1,1.8,1.8,-1,-1,2,-1,-1,-1,65,90,1600,1,-1,600,-1
on,6212,8,8,-1,2.6,3.2,-1,384,8,16,-1,n/a,115,71.7,2000,-1,-1,-1,-1
on,E2-6110 with Radeon™ R2 Graphics,4,4,-1,1.5,-1,-1,-1,2,-1,-1,-1,15,-1,1600,1,-1,-1,-1
on,6204,4,4,-1,3.3,-1,-1,512,4,16,-1,n/a,115,74.4,2000,-1,-1,-1,-1
on,E2-3800 with Radeon™ HD 8280,4,4,-1,1.3,-1,-1,128,2,-1,-1,-1,15,90,1600,1,-1,450,-1
on,6180 SE,12,12,-1,2.5,-1,-1,1536,6,12,-1,n/a,140,64,1800,-1,-1,-1,-1
on,E2-3000 with Radeon™ HD 8280,2,2,-1,1.65,-1,-1,-1,1,-1,-1,-1,15,-1,-1,1,-1,-1,-1
on,6176,12,12,-1,2.3,-1,-1,1536,6,12,-1,n/a,115,69,1800,-1,-1,-1,-1
on,6166 HE,12,12,-1,1.8,-1,-1,1536,6,12,-1,n/a,85,69,1800,-1,-1,-1,-1
on,6140,8,8,-1,2.6,-1,-1,1024,4,12,-1,n/a,115,69,1800,-1,-1,-1,-1
on,6132 HE,8,8,-1,2.2,-1,-1,1024,4,12,-1,n/a,85,66,1800,-1,-1,-1,-1
on,E2-7110 with Radeon™ R2 Graphics,4,4,-1,1.8,1.8,-1,-1,2,-1,-1,-1,65,90,1600,1,-1,600,-1
on,4386,8,8,-1,3.1,3.8,-1,384,8,8,-1,n/a,95,70.5,2200,-1,-1,-1,-1
on,4376 HE,8,8,-1,2.6,3.6,-1,384,8,8,-1,n/a,65,68,2000,-1,-1,-1,-1
on,4365,8,8,-1,2,2.8,-1,384,8,8,-1,n/a,40,70,1600,-1,-1,-1,-1
on,4340,6,6,-1,3.5,3.8,-1,288,6,8,-1,n/a,95,67.7,2200,-1,-1,-1,-1
on,4334,6,6,-1,3.1,3.5,-1,288,6,8,-1,n/a,95,67.7,2000,-1,-1,-1,-1
on,E1-7010 with Radeon™ R2 Graphics,2,2,-1,1.5,1.5,-1,-1,1,-1,-1,-1,10,90,1333,1,-1,400,-1
on,4332 HE,6,6,-1,3,3.7,-1,288,6,8,-1,n/a,65,68,2000,-1,-1,-1,-1
on,4310 EE,6,6,-1,2.2,3,-1,192,4,8,-1,n/a,35,85,1600,-1,-1,-1,-1
on,E1 Micro-6200T with Radeon™ R2 Graphics,2,2,-1,1.4,-1,-1,-1,1,-1,-1,-1,3.95,-1,-1,1,-1,-1,-1
on,4284,8,8,-1,3,3.7,-1,384,8,8,-1,n/a,95,70.5,2200,-1,-1,-1,-1
on,E1-6010 with Radeon™ R2 Graphics,2,2,-1,1.35,-1,-1,-1,1,-1,-1,-1,10,-1,-1,1,-1,-1,-1
on,4280,8,8,-1,2.8,2.2,-1,384,8,8,-1,n/a,95,70.5,2200,-1,-1,-1,-1
on,E1-2500 with Radeon™ HD 8240,2,2,-1,1.4,-1,-1,-1,1,-1,-1,-1,15,-1,-1,1,-1,-1,-1
on,4276 HE,8,8,-1,2.6,3.6,-1,384,8,8,-1,n/a,65,68,2000,-1,-1,-1,-1
on,E1-2200 with Radeon™ HD 8210,2,2,-1,1,-1,-1,-1,1,-1,-1,-1,9,-1,-1,1,-1,-1,-1
on,4274 HE,8,8,-1,2.5,3.5,-1,384,8,8,-1,n/a,65,68,2000,-1,-1,-1,-1
on,E1-2100 with Radeon™ HD 8210,2,2,-1,1,-1,-1,-1,1,-1,-1,-1,9,-1,-1,1,-1,-1,-1
on,4256 EE,8,8,-1,1.6,2.8,-1,384,8,8,-1,n/a,35,64,1600,-1,-1,-1,-1
on,4240,6,6,-1,3.4,3.8,-1,288,6,8,-1,n/a,95,70.5,-1,-1,-1,-1,-1
on,4238,6,6,-1,3.3,3.7,-1,288,6,8,-1,n/a,95,70.5,2200,-1,-1,-1,-1
on,4234,6,6,-1,3.1,3.5,-1,288,6,8,-1,n/a,95,70.5,2200,-1,-1,-1,-1
on,E1-7010 with Radeon™ R2 Graphics,2,2,-1,1.5,1.5,-1,-1,1,-1,-1,-1,-1,90,1333,1,-1,400,-1
on,4230 HE,6,6,-1,2.9,3.7,-1,288,6,8,-1,n/a,65,68,2000,-1,-1,-1,-1
on,4228 HE,6,6,-1,2.8,3.6,-1,288,6,8,-1,n/a,65,68,2000,-1,-1,-1,-1
on,4226,6,6,-1,2.7,3.1,-1,288,6,8,-1,n/a,95,70.5,2000,-1,-1,-1,-1
on,3380,8,8,-1,2.6,3.6,-1,384,8,8,-1,n/a,65,70.3,2000,-1,-1,-1,-1
on,3365,8,8,-1,2.3,3.3,-1,384,8,8,-1,n/a,65,70.3,2000,-1,-1,-1,-1
on,3350 HE,4,4,-1,2.8,3.8,-1,192,4,8,-1,n/a,45,69.1,2000,-1,-1,-1,-1
on,3320 EE,4,4,-1,1.9,2.5,-1,192,4,8,-1,n/a,25,70,1400,-1,-1,-1,-1
on,3280,8,8,-1,2.4,3.4,-1,384,8,8,-1,n/a,65,61.1,2000,-1,-1,-1,-1
on,AMD Opteron™ X2170,4,4,-1,2.4,-1,-1,-1,2,-1,-1,-1,25,-1,1866,-1,-1,800,-1
on,3260 HE,4,4,-1,2.7,3.7,-1,192,4,4,-1,n/a,45,61.1,2000,-1,-1,-1,-1
on,AMD Opteron™ X2150 APU,4,4,-1,1.9,-1,-1,-1,2,-1,-1,-1,22,-1,-1,-1,-1,600,-1
on,3250 HE,-1,-1,-1,2.5,3.5,-1,192,4,4,-1,n/a,45,-1,2000,-1,-1,-1,-1
on,TL-64,2,2,-1,2.2,-1,-1,-1,1,-1,-1,n/a,35,95,667,-1,-1,-1,-1
on,TL-60,2,2,-1,2,-1,-1,-1,1,-1,-1,n/a,31,-1,667,-1,-1,-1,-1
on,TL-56,-1,-1,-1,1.8,-1,-1,-1,-1,-1,-1,n/a,31,-1,-1,-1,-1,-1,-1
on,TL-52,2,2,-1,1.6,-1,-1,-1,2,-1,-1,n/a,31,-1,-1,-1,-1,-1,-1
