,Model,# of CPU Cores,# of Threads,Graphics Core Count,Base Clock(GHz),Max. Boost Clock (GHz),All Core Boost Speed (GHz),L1 Cache (KB),L2 Cache(MB),L3 Cache(MB),1kU Pricing(USD),PCI Express® Version,Default TDP(W),Max. Operating Temperature (Tjmax(°C)),System Memory Specification(MHz),Memory Channels,Memory Channels,Graphics Frequency(MHz),GPU Base(MHz)
on,AMD Ryzen™ 9 7945HX,16,32,2,2.5,5.4,0,1024,16,64,,5,55,100,,2,,2200,400
on,AMD Ryzen™ 9 7845HX,12,24,2,3,5.2,0,764,12,64,,5,55,100,,2,,2200,400
on,AMD Ryzen™ 7 7745HX,8,16,2,3.6,5.1,0,512,8,32,,5,55,100,,2,,2200,400
on,AMD Ryzen™ 5 7645HX,6,12,2,4,5,0,384,6,32,,5,55,100,,2,,2200,400
on,AMD Ryzen™ 9 7940HS,8,16,12,4,5.2,0,512,8,16,,4,45,100,,2,,3000,
on,AMD Ryzen™ 7 7840HS,8,16,12,3.8,5.1,0,512,8,16,,4,44,100,,2,,2900,
on,AMD Ryzen™ 5 7640HS,6,12,8,4.3,5,0,384,6,16,,4,44,100,,2,,2800,
on,AMD Ryzen™ 7 7735HS,8,16,12,3.2,4.75,0,512,4,16,,4,44,95,,2,,2200,
on,AMD Ryzen™ 5 7535HS,6,12,6,3.3,4.55,0,512,3,16,,4,44,95,,2,,1900,
on,AMD Ryzen™ 7 7735U,8,16,12,2.7,4.75,0,512,4,16,,4,28,95,,2,,2200,
on,AMD Ryzen™ 9 PRO 5945,12,0,0,3,4.7,0,768,6,64,,4,65,95,3200,2,,,
on,AMD Ryzen™ 5 7535U,6,12,6,2.9,4.55,0,512,3,16,,4,28,,,2,,1900,
on,AMD Ryzen™ 3 7335U,4,8,4,3,4.3,0,512,2,8,,4,28,95,,2,,1800,
on,AMD Ryzen™ 7 PRO 7730U,8,16,8,2,4.5,0,512,4,16,,3,15,95,,2,,2000,
on,AMD Ryzen™ 5 PRO 7530U,6,12,7,2,4.5,0,512,3,16,,3,15,95,,2,,2000,
on,AMD Ryzen™ 3 PRO 7330U,4,8,6,2.3,4.3,0,384,2,8,,3,15,94.99,,2,,1800,
on,AMD Ryzen™ 7 7730U,8,16,8,2,4.5,0,384,4,16,,3,15,95,,2,,2000,
on,AMD Ryzen™ 5 7530U,6,12,7,2,4.5,0,384,3,16,,3,15,95,,2,,2000,
on,AMD Ryzen™ 3 7330U,4,8,6,2.3,4.3,0,384,2,8,,3,15,95,,2,,1800,
on,AMD Ryzen™ 5 7520U,4,8,2,2.8,4.3,0,256,2,4,,3,15,,,2,,1900,
on,AMD Ryzen™ 3 7320U,4,8,2,2.4,4.1,0,256,2,4,,3,15,,,2,,1900,
on,AMD Ryzen™ Threadripper™ PRO 5995WX,64,128,0,2.7,4.5,0,4096,32,256,,4,280,95,3200,8,,,
on,AMD Ryzen™ Threadripper™ PRO 5975WX,32,64,0,3.6,4.5,0,2048,16,128,,4,280,95,3200,8,,,
on,AMD Ryzen™ Threadripper™ PRO 5965WX,24,48,0,3.8,4.5,0,1536,12,128,,4,280,95,3200,8,,,
on,AMD Ryzen™ Threadripper™ PRO 5955WX,16,32,0,4,4.5,0,1024,8,64,,4,280,95,3200,8,,,
on,AMD Ryzen™ Threadripper™ PRO 5945WX,12,24,0,4.1,4.5,0,765,6,64,,4,280,95,3200,8,,,
on,AMD Ryzen™ 9 7950X3D,16,32,2,4.2,5.7,0,1024,16,128,,,120,89,,2,,2200,400
on,AMD Ryzen™ 9 7950X,16,32,2,4.5,5.7,0,1024,16,64,,,170,95,,2,,2200,400
on,AMD Ryzen™ 9 7900X3D,12,24,2,4.4,5.6,0,768,12,128,,5,120,89,,2,,2200,400
on,AMD Ryzen™ 9 7900X,12,24,2,4.7,5.6,0,768,12,64,,,170,95,,2,,2200,400
on,AMD Ryzen™ 7 7800X3D,8,16,2,0,5,0,512,8,96,,5,120,89,,,,2200,400
on,AMD Ryzen™ 9 7900,12,24,2,3.7,5.4,0,768,12,64,,,65,95,,2,,2200,400
on,AMD Ryzen™ 7 7700X,8,16,2,4.5,5.4,0,512,8,32,,,105,95,,2,,2200,400
on,AMD Ryzen™ 9 5950X,16,32,0,3.4,4.9,0,0,8,64,,4,105,90,3200,,,,
on,AMD Ryzen™ 7 5800X3D,8,16,0,3.4,4.5,0,512,4,96,,4,105,90,,2,,,
on,AMD Ryzen™ 9 5900X,12,24,0,3.7,4.8,0,0,6,64,,4,105,90,3200,,,,
on,AMD Ryzen™ 7 7700,8,16,2,3.8,5.3,0,512,8,32,,,65,95,,2,,2200,400
on,AMD Ryzen™ 9 5900 (OEM Only),12,24,0,3,4.7,0,0,6,64,,4,65,95,3200,,,,
on,AMD Ryzen™ 5 7600X,6,12,2,4.7,5.3,0,384,6,32,,,105,95,,2,,2200,400
on,AMD Ryzen™ 7 5800X,8,16,0,3.8,4.7,0,0,4,32,,4,105,90,3200,,,,
on,AMD Ryzen™ 7 5800 (OEM Only),8,16,0,3.4,4.6,0,0,4,32,,4,65,95,3200,,,,
on,AMD Ryzen™ 7 5700X,8,16,0,3.4,4.6,0,512,4,32,,4,65,90,3200,2,,,
on,AMD Ryzen™ 5 7600,6,12,2,3.8,5.1,0,384,6,32,,,65,95,,2,,2200,400
on,AMD Ryzen™ 5 5600X,6,12,0,3.7,4.6,0,0,3,32,,4,65,95,3200,,,,
on,AMD Ryzen™ 9 6980HX,8,16,12,3.3,5,0,512,4,16,,4,45,95,,2,,2400,
on,AMD Ryzen™ 5 5600,6,12,0,3.5,4.4,0,384,3,32,,4,65,90,3200,2,,,
on,AMD Ryzen™ 9 3900XT,12,24,0,3.8,4.7,0,0,6,64,,4,105,95,3200,,,,
on,AMD Ryzen™ 9 6980HS,8,16,12,3.3,5,0,512,4,16,,4,35,95,,2,,2400,
on,AMD Ryzen™ 9 6900HX,8,16,12,3.3,4.9,0,512,4,16,,4,45,95,,2,,2400,
on,AMD Ryzen™ 7 3800XT,8,16,0,3.9,4.7,0,0,4,32,,4,105,95,3200,,,,
on,AMD Ryzen™ 9 6900HS​,8,16,12,3.3,4.9,0,512,4,16,,4,35,95,,2,,2400,
on,AMD Ryzen™ 5 5500,6,12,0,3.6,4.2,0,384,3,16,,3,65,90,3200,2,,,
on,AMD Ryzen™ 7 7736U​,8,16,12,2.7,4.7,0,512,4,16,,4,,95,,2,,2200,
on,AMD Ryzen™ 5 4500,6,12,0,3.6,4.1,0,384,3,8,,3,65,95,3200,2,,,
on,AMD Ryzen™ 7 6800H,8,16,12,3.2,4.7,0,512,4,16,,4,45,95,,2,,2200,
on,AMD Ryzen™ 7 6800HS,8,16,12,3.2,4.7,0,512,4,16,,4,35,95,,2,,2200,
on,AMD Ryzen™ 5 3600XT,6,12,0,3.8,4.5,0,0,3,32,,4,95,95,3200,,,,
on,AMD Ryzen™ Threadripper™ PRO 3995WX,64,128,0,2.7,4.2,0,4096,32,256,,4,280,90,3200,8,,,
on,AMD Ryzen™ 7 6800U​,8,16,12,2.7,4.7,0,512,4,16,,4,,95,,2,,2200,
on,AMD Ryzen™ Threadripper™ PRO 3975WX,32,64,0,3.5,4.2,0,2048,16,128,,4,280,90,3200,8,,,
on,AMD Ryzen™ 5 6600H,6,12,6,3.3,4.5,0,384,3,16,,4,45,95,,2,,1900,
on,AMD Ryzen™ Threadripper™ PRO 3955WX,16,32,0,3.9,4.3,0,1024,8,64,,4,280,90,3200,8,,,
on,AMD Ryzen™ Threadripper™ PRO 3945WX,12,24,0,4,4.3,0,768,6,64,,4,280,90,3200,8,,,
on,AMD Ryzen™ 5 6600HS​,6,12,6,3.3,4.5,0,384,3,16,,4,35,95,,2,,1900,
on,AMD Ryzen™ Threadripper™ 3990X,64,128,0,2.9,4.3,0,4096,32,256,,4,280,95,,4,,,
on,AMD Ryzen™ 9 5980HX,8,16,8,3.3,4.8,0,0,4,16,,3,45,105,,,,2100,
on,AMD Ryzen™ 9 5980HS,8,16,8,3,4.8,0,0,4,16,,3,35,105,,,,2100,
on,AMD Ryzen™ 9 5900HX,8,16,8,3.3,4.6,0,0,4,16,,3,45,105,,,,2100,
on,AMD Ryzen™ Threadripper™ 3970X,32,64,0,3.7,4.5,0,2048,16,128,,4,280,95,3200,4,,,
on,AMD Ryzen™ 5 6600U,6,12,6,2.9,4.5,0,384,3,16,,4,,95,,2,,1900,
on,AMD Ryzen™ 7 5825U,8,16,8,2,4.5,0,512,4,16,,3,15,95,,2,,2000,
on,AMD Ryzen™ 9 5900HS,8,16,0,3,4.6,0,8,4,16,,3,35,105,,,,2100,
on,AMD Ryzen™ 7 5825C,8,16,8,2,4.5,0,512,4,16,,3,15,95,,2,,,
on,AMD Ryzen™ Threadripper™ 3960X,24,48,0,3.8,4.5,0,1536,12,128,,4,280,95,3200,4,,,
on,AMD Ryzen™ 7 5800H,8,16,8,3.2,4.4,0,0,4,16,,3,45,105,,,,2000,
on,AMD Ryzen™ 5 5625U,6,12,7,2.3,4.3,0,384,3,16,,3,15,95,,2,,1800,
on,AMD Ryzen™ 7 5800HS,8,16,8,2.8,4.4,0,0,4,16,,3,35,105,,,,2000,
on,AMD Ryzen™ 5 5625C,6,12,7,2.3,4.3,0,384,3,16,,3,15,95,,2,,,
on,AMD Ryzen™ 9 3950X,16,32,0,3.5,4.7,0,1024,8,64,,4,105,95,,2,,,
on,AMD Ryzen™ 5 5600H,6,12,7,3.3,4.2,0,0,3,16,,3,45,105,,,,1800,
on,AMD Ryzen™ 5 5600HS,6,12,7,3,4.2,0,0,3,16,,3,35,105,,,,1800,
on,AMD Ryzen™ 9 3900X,12,24,0,3.8,4.6,0,768,6,64,,4,105,95,3200,2,,,
on,AMD Ryzen™ 7 5800U,8,16,8,1.9,4.4,0,0,4,16,,3,15,105,,,,2000,
on,AMD Ryzen™ 7 5700U,8,16,8,1.8,4.3,0,0,4,8,,3,15,105,,,,1900,
on,AMD Ryzen™ 9 3900 Processor (OEM Only),12,24,0,3.1,4.3,0,768,6,64,,4,65,95,3200,2,,,
on,AMD Ryzen™ 5 5600U,6,12,7,2.3,4.2,0,0,3,16,,3,15,105,,,,1800,
on,AMD Ryzen™ 3 5425U,4,8,6,2.7,4.1,0,256,2,8,,3,15,95,,2,,1600,
on,AMD Ryzen™ 5 5560U,6,12,6,2.3,4,0,384,3,8,,3,15,105,,2,,1600,
on,AMD Ryzen™ 5 5500U,6,12,7,2.1,4,0,0,3,8,,3,15,105,,,,1800,
on,AMD Ryzen™ 3 5425C,4,8,6,2.7,4.1,0,256,2,8,,3,15,95,,2,,,
on,AMD Ryzen™ 3 5400U,4,8,6,2.6,4,0,0,2,8,,3,15,105,,,,1600,
on,AMD Ryzen™ 7 3800X,8,16,0,3.9,4.5,0,512,4,32,,4,105,95,3200,2,,,
on,AMD Ryzen™ 3 5300U,4,8,6,2.6,3.8,0,0,2,4,,3,15,105,,,,1500,
on,AMD Ryzen™ 7 3700X,8,16,0,3.6,4.4,0,512,4,32,,4,65,95,3200,2,,,
on,AMD Ryzen™ 7 5700G,8,16,8,3.8,4.6,0,0,4,16,,3,65,95,3200,2,,2000,
on,AMD Ryzen™ 7 5700GE,8,16,8,3.2,4.6,0,0,4,16,,3,35,95,3200,2,,2000,
on,AMD Ryzen™ 3 4100,4,8,0,3.8,4,0,256,2,4,,3,65,95,3200,2,,,
on,AMD Ryzen™ 3 5125C,2,4,3,3,3,0,128,1,8,,3,15,95,,2,,,
on,AMD Ryzen™ 5 3600X,6,12,0,3.8,4.4,0,384,3,32,,4,95,95,3200,2,,,
on,AMD Ryzen™ 5 5600G,6,12,7,3.9,4.4,0,0,3,16,,3,65,95,3200,2,,1900,
on,AMD Ryzen™ 5 5600GE,6,12,7,3.4,4.4,0,0,3,16,,3,35,95,3200,2,,1900,
on,AMD Ryzen™ 5 3600,6,12,0,3.6,4.2,0,384,3,32,,4,65,95,3200,2,,,
on,AMD Ryzen™ 3 5300G (OEM Only),4,8,6,4,4.2,0,0,2,8,,3,65,95,3200,2,,1700,
on,AMD Ryzen™ 3 5300GE (OEM Only),4,8,6,3.6,4.2,0,0,2,8,,3,35,95,3200,2,,1700,
on,AMD Ryzen™ 7 4700G (OEM Only),8,16,8,3.6,4.4,0,512,4,8,,3,65,95,3200,2,,2100,
on,AMD Ryzen™ 3 3300X,4,8,0,3.8,4.3,0,256,2,16,,4,65,,3200,,,,
on,AMD Ryzen™ 3 3100,4,8,0,3.6,3.9,0,256,2,16,,4,65,,3200,,,,
on,AMD Ryzen™ 5 4600G,6,12,7,3.7,4.2,0,384,3,8,,3,65,95,3200,2,,1900,
on,AMD Ryzen™ 3 4300G (OEM Only),4,8,6,3.8,4,0,256,2,4,,3,65,95,3200,2,,1700,
on,AMD Ryzen™ 5 3500 Processor (OEM Only),6,6,0,3.6,4.1,0,384,3,16,,4,65,95,3200,2,,,
on,AMD Ryzen™ 7 4700GE (OEM Only),8,16,8,3.1,4.3,0,512,4,8,,3,35,95,3200,2,,2000,
on,AMD Ryzen™ 5 4600GE (OEM Only),6,12,7,3.3,4.2,0,384,3,8,,3,35,95,3200,2,,1900,
on,AMD Ryzen™ 3 4300GE (OEM Only),4,8,6,3.5,4,0,256,2,4,,3,35,95,3200,2,,1700,
on,AMD Ryzen™ 9 4900H,8,16,8,3.3,4.4,0,0,4,8,,3,44.5,105,,,,1750,
on,AMD Ryzen™ 9 4900HS,8,16,8,3,4.3,0,0,4,8,,3,35,105,,,,1750,
on,AMD Ryzen™ 7 4800HS,8,16,7,2.9,4.2,0,0,4,8,,3,45,105,,,,1600,
on,AMD Ryzen™ 7 4800H,8,16,7,2.9,4.2,0,0,4,8,,3,45,105,,,,1600,
on,AMD Ryzen™ 5 4600H,6,12,6,3,4,0,0,3,8,,3,45,105,,,,1500,
on,AMD Ryzen™ 7 4800U,8,16,8,1.8,4.2,0,0,4,8,,3,15,105,,,,1750,
on,AMD Ryzen™ 7 4700U,8,8,7,2,4.1,0,0,4,8,,3,15,105,,,,1600,
on,AMD Ryzen™ 5 4600U,6,12,6,2.1,4,0,0,3,8,,3,15,105,,,,1500,
on,AMD Ryzen™ 5 4500U,6,6,6,2.3,4,0,0,3,8,,3,15,105,,,,1500,
on,AMD Ryzen™ 3 4300U,4,4,5,2.7,3.7,0,0,2,4,,3,15,105,,,,1400,
on,AMD Ryzen™ 3 3250U,2,4,3,2.6,3.5,0,192,1,4,,3,15,95,2400,2,,1200,
on,AMD Ryzen™ 5 3400G with Radeon™ RX Vega 11 Graphics,4,8,11,3.7,4.2,0,384,2,4,,3,65,95,,2,,1400,
on,AMD Ryzen™ 7 4980U Microsoft Surface® Edition,8,16,8,2,4.4,0,512,4,8,,3,15,105,4267,2,,1950,
on,AMD Ryzen™ 5 3400GE (OEM Only),4,8,11,3.3,4,0,384,2,4,,3,35,95,2933,2,,1300,
on,AMD Ryzen™ 5 4680U Microsoft Surface® Edition,6,12,7,2.2,4,0,384,3,8,,3,15,105,4267,2,,1500,
on,AMD Ryzen™ 3 3200G with Radeon™ Vega 8 Graphics,4,4,8,3.6,4,0,384,2,4,, 3.0 x8,65,95,2933,2,,1250,
on,AMD Ryzen™ 7 3780U Microsoft Surface® Edition,4,8,11,2.3,4,0,384,2,4,,3,15,105,2400,2,,1400,
on,AMD Ryzen™ 3 3200GE (OEM Only),4,4,8,3.3,3.8,0,384,2,4,,3,35,95,2933,2,,1200,
on,AMD Athlon™ Gold 7220U,2,4,2,2.4,3.7,0,256,1,4,,3,15,,,2,,1900,
on,AMD Athlon™ 320GE,2,4,3,3.5,0,0,192,1,4,,3,35,95,2667,2,,1100,
on,AMD Athlon™ 300GE,2,4,3,3.4,0,0,192,1,4,,3,35,95,2667,2,,1100,
on,AMD Ryzen™ 7 3750H,4,8,10,2.3,4,0,384,2,4,,3,35,105,2400,2,,1400,
on,AMD Ryzen™ 5 3550H,4,8,8,2.1,3.7,0,384,2,4,,3,35,105,2400,2,,1200,
on,AMD Athlon™ Silver 7120U,2,2,2,2.4,3.5,0,256,1,2,,3,15,,,2,,1900,
on,AMD Ryzen™ 7 3700U,4,8,10,2.3,4,0,384,2,4,,3,15,105,2400,2,,1400,
on,AMD Ryzen™ 3 3350U,4,4,6,2.1,3.5,0,348,2,4,,3,15,105,2400,2,,1200,
on,AMD Ryzen™ 5 3500U,4,8,8,2.1,3.7,0,384,2,4,,3,15,105,2400,2,,1200,
on,AMD Ryzen™ 7 3700C,4,8,10,2.3,4,0,384,2,4,,,15,105,,,,1400,
on,AMD Ryzen™ 5 3450U,4,8,0,2.1,3.5,0,384,2,4,,3,15,105,2400,2,,1200,
on,AMD Ryzen™ 3 3300U,4,4,6,2.1,3.5,0,384,2,4,,3,15,105,2400,2,,1200,
on,AMD Ryzen™ 5 3580U Microsoft Surface® Edition,4,8,9,2.1,3.7,0,384,2,4,,3,15,105,2400,2,,1300,
on,AMD Ryzen™ 5 3500C,4,8,8,2.1,3.7,0,384,2,4,,,15,105,,,,1200,
on,AMD Ryzen™ 3 3200U,2,4,3,2.6,3.5,0,192,1,4,,3,15,105,2400,2,,1200,
on,AMD Athlon™ 300U,2,4,3,2.4,3.3,0,193,1,4,,,15,105,2400,2,,1000,
on,AMD Athlon™ Gold 3150U,2,4,3,2.4,3.3,0,192,1,4,,,15,95,2400,2,,1000,
on,AMD Ryzen™ 3 3250C,2,4,3,2.6,3.5,0,192,1,4,,,15,105,,,,1200,
on,AMD Athlon™ Silver 3050U,2,2,2,2.3,3.2,0,192,1,4,,3,15,95,2400,2,,1100,
on,AMD Athlon™ Silver 3050e,2,4,3,1.4,2.8,0,0,1,4,,3,6,,2400,2,,1000,
on,AMD Athlon™ Gold 3150C,2,4,3,2.4,3.3,0,192,1,4,,,15,95,,,,1100,
on,AMD Athlon™  Silver 3050C,2,2,2,2.3,3.2,0,192,1,4,,,15,95,,,,1100,
on,AMD Athlon™ Gold 3150GE (OEM Only),4,4,3,3.3,3.8,0,384,2,4,,3,35,95,2933,2,,1100,
on,AMD 3020e,2,2,3,1.2,2.6,0,0,1,4,,3,6,,2400,2,,1000,
on,AMD Athlon™ Gold 3150G (OEM Only),4,4,3,3.5,3.9,0,384,2,4,,3,65,95,2933,2,,1100,
on,AMD Athlon™ Silver 3050GE (OEM Only),2,4,3,3.4,3.4,0,192,1,4,,3,35,95,2667,2,,1100,
on,AMD 3015e,2,4,3,1.2,2.3,0,0,1,4,,3,6,105,1600,1,,600,
on,AMD 3015Ce,2,4,3,1.2,2.3,0,0,1,4,,3,6,105,1600,1,,600,
on,AMD Ryzen™ Threadripper™ 2990WX,32,64,0,3,4.2,0,3072,16,64,,3,250,68,2933,4,,,
on,AMD Ryzen™ Threadripper™ 2970WX,24,48,0,3,4.2,0,2304,12,64,,3,250,68,2933,4,,,
on,AMD Ryzen™ Threadripper™ 2950X,16,32,0,3.5,4.4,0,1536,8,32,,3,180,68,2933,4,,,
on,AMD Ryzen™ Threadripper™ 2920X,12,24,0,3.5,4.3,0,1152,6,32,,3,180,68,2933,4,,,
on,AMD Ryzen™ 7 2700X,8,16,0,3.7,4.3,0,768,4,16,,3,105,85,2933,2,,,
on,AMD Ryzen™ 7 2700,8,16,0,3.2,4.1,0,768,4,16,,3,65,95,2933,2,,,
on,AMD Ryzen™ 7 2700E Processor,8,16,0,2.8,4,0,768,4,16,,3,45,95,2667,2,,,
on,AMD Ryzen™ 5 2600X,6,12,0,3.6,4.2,0,576,3,16,,3,95,95,2933,2,,,
on,AMD Ryzen™ 5 2600,6,12,0,3.4,3.9,0,576,3,16,,3,65,95,2933,2,,,
on,AMD Ryzen™ 5 2600E,6,12,0,3.1,4,0,578,3,16,,3,45,95,2667,2,,,
on,AMD Ryzen™ 5 2500X,4,8,0,3.6,4,0,384,2,8,,3,65,95,2933,2,,,
on,AMD Ryzen™ 5 2400G with Radeon™ RX Vega 11 Graphics,4,8,11,3.6,3.9,0,384,2,4,, 3.0 x8,65,95,2933,2,,1250,
on,AMD Ryzen™ 5 2400GE with Radeon™ RX Vega 11 Graphics,4,8,11,3.2,3.8,0,384,2,4,, 3.0 x8,35,95,2933,2,,1250,
on,AMD Ryzen™ 3 2300X,4,4,0,3.5,4,0,384,2,8,,3,65,95,2933,2,,,
on,AMD Ryzen™ 3 2200G with Radeon™ Vega 8 Graphics,4,4,8,3.5,3.7,0,384,2,4,, 3.0 x8,65,95,2933,2,,1100,
on,AMD Ryzen™ 9 PRO 6950H,8,16,12,3.3,4.9,0,384,4,16,,4,45,95,,2,,2400,
on,AMD Ryzen™ 9 PRO 6950HS,8,16,12,3.3,4.9,0,512,4,16,,4,35,94.99,,2,,2400,
on,AMD Ryzen™ 7 PRO 6860Z,8,16,12,2.7,4.75,0,512,4,16,,4,28,95,,2,,2200,
on,AMD Ryzen™ 3 2200GE with Radeon™ Vega 8 Graphics,4,4,8,3.2,3.6,0,384,2,4,, 3.0 x8,35,95,2933,2,,1100,
on,AMD Ryzen™ 7 2800H,4,8,11,3.3,3.8,0,192,2,4,,3,45,95,3200,2,,1300,
on,AMD Ryzen™ 5 2600H,4,8,8,3.2,3.6,0,192,2,4,,3,45,95,3200,2,,1100,
on,AMD Ryzen™ 7 PRO 6850H,8,16,12,3.2,4.7,0,512,4,16,,4,45,95,,2,,2200,
on,AMD Ryzen™ 7 2700U,4,8,10,2.2,3.8,0,384,2,4,,3,15,95,2400,2,,1300,
on,AMD Ryzen™ 7 PRO 6850HS,8,16,12,3.2,4.7,0,512,4,16,,4,35,95,,2,,2200,
on,AMD Ryzen™ 5 2500U,4,8,8,2,3.6,0,384,2,4,,3,15,95,2400,2,,1100,
on,AMD Ryzen™ 3 2300U,4,4,6,2,3.4,0,384,2,4,,3,15,95,2400,2,,1100,
on,AMD Ryzen™ 7 PRO 6850U,8,16,12,2.7,4.7,0,512,4,16,,4,,95,,2,,2200,
on,AMD Ryzen™ 3 2200U,2,4,3,2.5,3.4,0,384,1,4,,3,15,95,2400,2,,1100,
on,AMD Ryzen™ 5 PRO 6650H,6,12,6,3.3,4.5,0,384,3,16,,4,45,95,,2,,1900,
on,AMD Ryzen™ Threadripper™ 1950X,16,32,0,3.4,4,0,1536,8,32,,3,180,68,2667,4,,,
on,AMD Ryzen™ Threadripper™ 1920X,12,24,0,3.5,4,0,1152,6,32,,3,180,68,2667,4,,,
on,AMD Ryzen™ Threadripper™ 1900X,8,16,0,3.8,4,0,768,4,16,,3,180,68,2667,4,,,
on,AMD Ryzen™ 5 PRO 6650HS,6,12,6,3.3,4.5,0,384,3,16,,4,35,95,,2,,1900,
on,AMD Ryzen™ 7 1800X,8,16,0,3.6,4,0,768,4,16,,3,95,95,2667,2,,,
on,AMD Ryzen™ 5 PRO 5645,6,12,0,3.7,4.6,0,768,3,32,,4,65,95,3200,2,,,
on,AMD Ryzen™ 5 PRO 5650G,6,12,7,3.9,4.4,0,0,3,16,,3,65,95,3200,2,,1900,
on,AMD Ryzen™ 5 PRO 5650GE,6,12,7,3.4,4.4,0,0,3,16,,3,35,95,3200,2,,1900,
on,AMD Ryzen™ 5 PRO 6650U,6,12,6,2.9,4.5,0,384,3,16,,4,,95,,2,,1900,
on,AMD Ryzen™ 7 1700X,8,16,0,3.4,3.8,0,768,4,16,,3,95,95,2667,2,,,
on,AMD Ryzen™ 9 PRO 3900,12,24,0,3.1,4.3,0,768,6,64,,4,65,95,3200,2,,,
on,AMD Ryzen™ 7 PRO 3700,8,16,0,3.6,4.4,0,512,4,32,,4,65,95,3200,2,,,
on,AMD Ryzen™ 5 PRO 4655G,6,12,7,3.7,4.2,0,384,3,8,,3,65,95,3200,2,,1900,
on,AMD Ryzen™ 7 1700 Processor,8,16,0,3,3.7,0,768,4,16,,3,65,95,2667,2,,,
on,AMD Ryzen™ 7 PRO 5875U,8,16,8,2,4.5,0,512,4,16,,3,15,95,,2,,2000,
on,AMD Ryzen™ 7 PRO 5845,8,16,0,3.4,4.6,0,512,4,32,,4,65,95,3200,2,,,
on,AMD Ryzen™ 7 PRO 5850U,8,16,8,1.9,4.4,0,0,4,16,,3,15,105,3200/4266,,,2000,
on,AMD Ryzen™ 5 PRO 5675U,6,12,7,2.3,4.3,0,384,3,16,,3,15,95,,2,,1800,
on,AMD Ryzen™ 5 PRO 5650U,6,12,7,2.3,4.2,0,0,3,16,,3,15,105,3200/4266,,,1800,
on,AMD Ryzen™ 7 PRO 5750G,8,16,8,3.8,4.6,0,0,4,16,,3,65,95,3200,2,,2000,
on,AMD Ryzen™ 3 PRO 5475U,4,8,6,2.7,4.1,0,256,2,8,,3,15,95,,2,,1600,
on,AMD Ryzen™ 3 PRO 5450U,4,8,6,2.6,4,0,0,2,8,,3,15,105,3200/4266,,,1600,
on,AMD Ryzen™ 7 PRO 5750GE,8,16,8,3.2,4.6,0,0,4,16,,3,35,95,3200,2,,2000,
on,AMD Ryzen™ 3 PRO 5350G,4,8,6,4,4.2,0,0,2,8,,3,65,95,3200,2,,1700,
on,AMD Ryzen™ 7 PRO 4750G,8,16,8,3.6,4.4,0,512,4,8,,3,65,95,3200,2,,2100,
on,AMD Ryzen™ 5 1600X,6,12,0,3.6,4,0,576,3,16,,3,95,95,2667,2,,,
on,AMD Ryzen™ 3 PRO 5350GE,4,8,6,3.6,4.2,0,0,2,8,,3,35,95,3200,2,,1700,
on,AMD Ryzen™ 5 PRO 4655GE,6,12,7,3.3,4.2,0,384,3,8,,3,35,95,3200,2,,1900,
on,AMD Ryzen™ 7 PRO 4750GE,8,16,8,3.1,4.3,0,512,4,8,,3,35,95,3200,2,,2100,
on,AMD Ryzen™ 5 PRO 3600,6,12,0,3.6,4.2,0,384,3,32,,4,65,95,3200,2,,,
on,AMD Ryzen™ 5 PRO 4650G,6,12,7,3.7,4.2,0,384,3,8,,3,65,95,3200,2,,1900,
on,AMD Ryzen™ 3 PRO 4355G,4,8,6,3.8,4,0,256,2,4,,3,65,95,3200,2,,1700,
on,AMD Ryzen™ 5 PRO 4650GE,6,12,7,3.3,4.2,0,384,3,8,,3,35,95,3200,2,,1900,
on,AMD Ryzen™ 3 PRO 4355GE,4,8,6,3.5,4,0,256,2,4,,3,35,95,3200,2,,1700,
on,AMD Ryzen™ 3 PRO 4350G,4,8,6,3.8,4,0,256,2,4,,3,65,95,3200,2,,1700,
on,AMD Ryzen™ 3 PRO 4350GE,4,8,6,3.5,4,0,256,2,4,,3,35,95,3200,2,,1700,
on,AMD Ryzen™ 5 1600,6,12,0,3.2,3.6,0,576,3,16,,3,65,95,2667,2,,,
on,AMD Ryzen™ 5 1600 (AF),6,12,0,3.2,3.6,0,576,3,16,,3,65,95,2667,2,,,
on,AMD Ryzen™ 5 PRO 3400G,4,8,11,3.7,4.2,0,384,2,4,,3,65,95,2933,2,,1400,
on,AMD Ryzen™ 5 PRO 3400GE,4,8,11,3.3,4,0,384,2,4,,3,35,95,2933,2,,1300,
on,AMD Ryzen™ 5 1500X,4,8,0,3.5,3.7,0,384,2,16,,3,65,95,2667,2,,,
on,AMD Ryzen™ 5 PRO 3350G,4,8,10,3.6,4,0,384,2,4,,3,65,95,2933,2,,1300,
on,AMD Ryzen™ 5 PRO 3350GE,4,4,10,3.3,3.9,0,384,2,4,,3,35,95,2933,2,,1200,
on,AMD Ryzen™ 3 PRO 3200G,4,4,8,3.6,4,0,384,2,4,,3,65,95,2933,2,,1250,
on,AMD Ryzen™ 5 1400,4,8,0,3.2,3.4,0,384,2,8,,3,65,95,2667,2,,,
on,AMD Ryzen™ 3 PRO 3200GE,4,4,8,3.3,3.8,0,384,2,4,,3,35,95,2933,2,,1200,
on,AMD Ryzen™ 3 1300X,4,4,0,3.5,3.7,0,384,2,8,,3,65,95,2667,2,,,
on,AMD Athlon™ Gold PRO 3150G,4,4,3,3.5,3.9,0,384,2,4,,3,65,95,2933,2,,1100,
on,AMD Athlon™ Gold PRO 3150GE,4,4,3,3.3,3.8,0,384,2,4,,3,35,95,2933,2,,1100,
on,AMD Athlon™ Silver PRO 3125GE,2,4,3,3.4,3.4,0,192,1,4,,3,35,95,2667,2,,1100,
on,AMD Athlon™ PRO 300GE,2,4,3,3.4,0,0,192,1,4,,3,35,95,2667,2,,1100,
on,AMD Ryzen™ 3 1200,4,4,0,3.1,3.4,0,384,2,8,,3,65,95,2667,2,,,
on,AMD Ryzen™ 7 PRO 2700X,8,16,0,3.6,4.1,0,768,4,16,,3,95,95,2933,2,,,
on,AMD Ryzen™ 7 PRO 4750U,8,16,7,1.7,4.1,0,0,4,8,,3,15,105,,,,1600,
on,AMD Ryzen™ 7 PRO 2700,8,16,0,3.2,4.1,0,768,4,16,,3,65,95,2933,2,,,
on,AMD Ryzen™ 5 PRO 4650U,6,12,6,2.1,4,0,0,3,8,,3,15,105,,,,1500,
on,AMD Ryzen™ 3 PRO 4450U,4,8,5,2.5,3.7,0,0,2,4,,3,15,105,,,,1400,
on,AMD Ryzen™ 7 PRO 1700X Processor,8,16,0,3.4,3.8,0,0,4,16,,3,95,95,2667,2,,,
on,AMD Ryzen™ 7 PRO 3700U,4,8,10,2.3,4,0,384,2,4,,3,15,95,2400,2,,1400,
on,AMD Ryzen™ 5 PRO 3500U,4,8,8,2.1,3.7,0,384,2,4,,3,15,95,2400,2,,1200,
on,AMD Ryzen™ 7 PRO 1700,8,16,0,3,3.7,0,768,4,16,,3,65,95,2667,2,,,
on,AMD Ryzen™ 5 PRO 2600,6,12,0,3.4,3.9,0,576,3,16,,3,65,95,2933,2,,,
on,AMD Athlon™ PRO 3145B,2,4,3,2.4,3.3,0,196608,1,4,,3,15,100,2400,2,,1000,
on,AMD Ryzen™ 5 PRO 1600,6,12,0,3.2,3.6,0,576,3,16,,3,65,95,2667,2,,,
on,AMD Athlon™ PRO 3045B,2,2,2,2.3,3.2,0,192,1,4,,3,15,100,2400,2,,1100,
on,AMD Ryzen™ 3 PRO 3300U,4,4,6,2.1,3.5,0,384,2,4,,3,15,95,2400,2,,1200,
on,AMD Athlon™ PRO 300U Mobile Processor with Radeon™ Vega 3 Graphics,2,4,3,2.4,3.3,0,384,1,4,,3,15,95,2400,2,,1000,
on,AMD Ryzen™ 5 PRO 1500,4,8,0,3.5,3.7,0,384,2,16,,3,65,95,2667,2,,,
on,AMD Ryzen™ 7 PRO 2700U,4,8,10,2.2,3.8,0,384,2,4,,3,15,95,2400,2,,1300,
on,AMD Ryzen™ 5 PRO 2400G with Radeon™ Vega 11 Graphics,4,8,11,3.6,3.9,0,384,2,4,,3,65,95,2933,2,,1250,
on,AMD Ryzen™ 5 PRO 2400GE with Radeon™ Vega 11 Graphics,4,8,11,3.2,3.8,0,384,2,4,, 3.0 x8,35,95,2933,2,,1250,
on,AMD Ryzen™ 3 PRO 1300,4,4,0,3.5,3.7,0,384,2,8,,3,65,95,2667,2,,,
on,AMD Ryzen™ 5 PRO 2500U,4,8,8,2,3.6,0,384,2,4,,3,15,95,2400,2,,1100,
on,AMD Ryzen™ 3 PRO 2200G with Radeon™ Vega 8 Graphics,4,4,8,3.5,3.7,0,384,2,4,,3,65,95,2933,2,,1100,
on,AMD Ryzen™ 3 PRO 2200GE with Radeon™ Vega 8 Graphics,4,4,8,3.2,3.6,0,384,2,4,, 3.0 x8,35,95,2933,2,,1100,
on,AMD Ryzen™ 3 PRO 1200,4,4,0,3.1,3.4,0,384,2,8,,3,65,95,2667,2,,,
on,AMD Ryzen™ 3 PRO 2300U,4,4,6,2,3.4,0,384,2,4,,3,15,95,2400,2,,1100,
on,7th Gen AMD PRO A4-5350B APU,2,0,3,3,3.6,0,0,1,0,,3,15,90,2133,1,,,847
on,7th Gen AMD PRO A4-4350B APU,2,0,3,2.5,2.9,0,0,1,0,,3,15,90,2133,1,,,655
on,7th Gen AMD PRO A6-8350B APU,2,0,3,3.1,3.7,0,0,1,0,,3,15,90,2133,1,,,900
on,7th Gen AMD PRO A6-7350B APU,2,0,3,3,3.6,0,0,1,0,,3,15,90,2133,1,,,847
on,7th Gen A12-9800 APU,4,0,8,3.8,4.2,0,0,2,0,, 3.0 x8,65,90,2400,2,,1108,
on,7th Gen A12-9800E APU,4,0,8,3.1,3.8,0,0,2,0,, 3.0 x8,35,90,2400,2,,900,
on,7th Gen A10-9700 APU,4,0,6,3.5,3.8,0,0,2,0,, 3.0 x8,65,90,2400,2,,1029,
on,7th Gen A10-9700E APU,4,0,6,3,3.5,0,0,2,0,, 3.0 x8,35,90,2400,3,,847,
on,7th Gen A8-9600 APU,4,0,6,3.1,3.4,0,0,2,0,, 3.0 x8,65,90,2400,2,,900,
on,7th Gen A6-9550 APU,2,0,6,3.8,4,0,0,1,0,, 3.0 x8,65,90,2400,2,,1029,
on,7th Gen A6-9500 APU,2,0,6,3.5,3.8,0,0,1,0,, 3.0 x8,65,90,2400,2,,1029,
on,7th Gen A6-9500E APU,2,0,4,3,3.4,0,0,1,0,, 3.0 x8,35,90,2400,2,,800,
on,7th Gen A12-9730P APU,4,0,6,2.8,3.5,0,0,2,0,,,35,90,2400,2,,900,
on,7th Gen A12-9700P APU,4,0,6,2.5,3.4,0,0,2,0,,,15,90,1866,2,,758,
on,7th Gen A10-9630P APU,4,0,6,2.6,3.3,0,0,2,0,,,35,90,2400,2,,800,
on,7th Gen A10-9600P APU,4,0,6,2.4,3.3,0,0,2,0,,,15,90,1866,2,,720,
on,7th Gen A9-9425 APU,2,0,3,3.1,3.7,0,0,1,0,,3,15,90,2133,1,,900,
on,7th Gen A9-9420 APU,2,0,3,3,3.6,0,0,1,0,,3,15,90,2133,,,847,
on,7th Gen A9-9410 APU,2,0,3,2.9,3.5,0,0,1,0,,,25,90,2133,1,,800,
on,7th Gen A6-9225 APU,2,0,3,2.6,3.1,0,0,1,0,,3,15,90,2133,1,,686,
on,7th Gen A6-9220 APU,2,0,3,2.5,2.9,0,0,1,0,,3,15,90,2133,,,655,
on,AMD EPYC™ 9654P,96,192,0,2.4,3.7,3.55,0,0,384,10625, 5.0 x128,360,,4800,12,460.80 GB/s,,
on,7th Gen A6-9220C APU,2,2,3,1.8,2.7,0,160,1,0,,,6,90,1866,1,,720,
on,AMD EPYC™ 9654,96,192,0,2.4,3.7,3.55,0,0,384,11805, 5.0 x128,360,,4800,12,460.80 GB/s,,
on,7th Gen A6-9210 APU,2,0,3,2.4,2.8,0,0,1,0,,,15,90,2133,1,,600,
on,AMD EPYC™ 9634,84,168,0,2.25,3.7,3.1,0,0,384,10304, 5.0 x128,290,,4800,12,460.80 GB/s,,
on,7th Gen A4-9125 APU,2,0,2,2.3,2.6,0,0,1,0,,3,15,90,2133,1,,686,
on,7th Gen A4-9120 APU,2,0,2,2.2,2.5,0,0,1,0,,3,15,90,2133,,,655,
on,7th Gen A4-9120C APU,2,2,3,1.6,2.4,0,160,1,0,,,6,90,1866,1,,600,
on,7th Gen AMD PRO A12-9800 APU,4,0,8,3.8,4.2,0,0,2,0,,3,65,90,2400,2,,1108,
on,7th Gen AMD PRO A12-9800E APU,4,0,8,3.1,3.8,0,0,2,0,,3,35,90,2400,2,,900,
on,7th Gen AMD PRO A10-9700 APU,4,0,6,3.5,3.8,0,0,2,0,,3,65,90,2400,2,,1029,
on,7th Gen AMD PRO A10-9700E APU,4,0,6,3,3.5,0,0,2,0,,3,35,90,2400,2,,847,
on,7th Gen AMD PRO A8-9600 APU,4,0,6,3.1,3.4,0,0,2,0,,3,65,90,2400,2,,900,
on,7th Gen AMD PRO A6-9500 APU,2,0,6,3.5,3.8,0,0,1,0,,3,65,90,2400,2,,1029,
on,7th Gen AMD PRO A6-9500E APU,2,0,4,3,3.4,0,0,1,0,,3,35,90,2400,2,,800,
on,7th Gen AMD PRO A12-9830B APU,4,0,8,3,3.7,0,0,2,0,,,35,90,2400,2,,900,
on,7th Gen AMD PRO A12-9800B APU,4,0,8,2.7,3.6,0,0,2,0,,,15,90,1866,2,,758,
on,7th Gen AMD PRO A10-9730B APU,4,0,6,2.8,3.5,0,0,2,0,,,35,90,2400,2,,900,
on,7th Gen AMD PRO A10-9700B APU,4,0,6,2.5,3.4,0,0,2,0,,,15,90,1866,2,,758,
on,7th Gen AMD PRO A8-9630B,4,0,6,2.6,3.3,0,0,2,0,,,35,90,2400,2,,800,
on,7th Gen AMD PRO A8-9600B APU,4,0,6,2.4,3.3,0,0,2,0,,,15,90,1866,2,,720,
on,7th Gen AMD PRO A6-9500B APU,2,0,4,2.3,3.2,0,0,1,0,,,15,90,1866,2,,800,
on,7th Gen FX™ 9830P APU,4,0,8,3,3.7,0,0,2,0,,,35,90,2400,2,,900,
on,7th Gen FX™ 9800P APU,4,0,8,2.7,3.6,0,0,2,0,,,15,90,1866,2,,758,
on,7th Gen E2-9010 APU,2,0,2,200,2.2,0,0,1,0,, 3.0 x8,15,90,186,,,600,
on,AMD EPYC™ 9554P,64,128,0,3.1,3.75,3.75,0,0,256,7104, 5.0 x128,360,,4800,12,460.80 GB/s,,
on,AMD EPYC™ 9554,64,128,0,3.1,3.75,3.75,0,0,256,9087, 5.0 x128,360,,4800,12,460.80 GB/s,,
on,6th Gen A10-8700P APU,4,4,6,1.8,3.2,0,0,2,0,,,15,90,2133,2,,800,
on,AMD EPYC™ 9534,64,128,0,2.45,3.7,3.55,0,0,256,8803, 5.0 x128,280,,4800,12,460.80 GB/s,,
on,6th Gen A8-8600P APU,4,4,6,1.6,3,0,0,2,0,,,15,90,2133,2,,720,
on,AMD EPYC™ 9474F,48,96,0,3.6,4.1,3.95,0,0,256,6780, 5.0 x128,360,,4800,12,460.80 GB/s,,
on,6th Gen AMD PRO A12-8870 APU,4,0,8,3.7,4.2,0,0,2,0,,3,65,,2400,2,,1108,
on,AMD EPYC™ 9454P,48,96,0,2.75,3.8,3.65,0,0,256,4598, 5.0 x128,290,,4800,12,460.80 GB/s,,
on,6th Gen AMD PRO A12-8870E APU,4,0,8,2.9,3.8,0,0,2,0,,3,35,,2400,2,,900,
on,AMD EPYC™ 9454,48,96,0,2.75,3.8,3.65,0,0,256,5225, 5.0 x128,290,,4800,12,460.80 GB/s,,
on,6th Gen AMD PRO A10-8850B APU,4,4,8,3.9,4.1,0,0,4,0,,,95,72.4,2133,2,,800,
on,AMD EPYC™ 9374F,32,64,0,3.85,4.3,4.1,0,0,256,4850, 5.0 x128,320,,4800,12,460.80 GB/s,,
on,AMD EPYC™ 9354P,32,64,0,3.25,3.8,3.75,0,0,256,2730, 5.0 x128,280,,4800,12,460.80 GB/s,,
on,6th Gen AMD PRO A10-8770 APU,4,0,6,3.5,3.8,0,0,2,0,,3,65,,2400,2,,1029,
on,6th Gen AMD PRO A10-8770E APU,4,0,6,2.8,3.5,0,0,2,0,,3,35,,2400,2,,847,
on,AMD EPYC™ 9354,32,64,0,3.25,3.8,3.75,0,0,256,3420, 5.0 x128,280,,4800,12,460.80 GB/s,,
on,AMD EPYC™ 9334,32,64,0,2.7,3.9,3.85,0,0,128,2990, 5.0 x128,210,,4800,12,460.80 GB/s,,
on,6th Gen AMD PRO A10-8750B APU,4,4,8,3.6,4,0,0,4,0,,,65,71.3,2133,2,,757,
on,6th Gen AMD PRO A8-8650B APU,4,4,6,3.2,3.9,0,0,4,0,,,65,71.3,2133,2,,757,
on,AMD EPYC™ 9274F,24,48,0,4.05,4.3,4.1,0,0,256,3060, 5.0 x128,320,,4800,12,460.80 GB/s,,
on,AMD EPYC™ 9254,24,48,0,2.9,4.15,3.9,0,0,128,2299, 5.0 x128,200,,4800,12,460.80 GB/s,,
on,6th Gen AMD PRO A6-8570 APU,2,0,6,3.5,3.8,0,0,1,0,,3,65,,2400,2,,1029,
on,AMD EPYC™ 9224,24,48,0,2.5,3.7,3.65,0,0,64,1825, 5.0 x128,200,,4800,12,460.80 GB/s,,
on,6th Gen AMD PRO A6-8570E APU,2,0,4,3,3.4,0,0,1,0,,3,35,,2400,2,,800,
on,6th Gen AMD PRO A6-8550B APU,2,2,4,3.7,4,0,0,1,0,,,65,71.3,2133,2,,800,
on,AMD EPYC™ 9174F,16,32,0,4.1,4.4,4.15,0,0,256,3850, 5.0 x128,320,,4800,12,460.80 GB/s,,
on,6th Gen AMD PRO A4-8350B APU,2,2,4,3.5,3.9,0,0,1,0,,,65,71.3,1866,2,,757,
on,AMD EPYC™ 9124,16,32,0,3,3.7,3.6,0,0,64,1083, 5.0 x128,200,,4800,12,460.80 GB/s,,
on,6th Gen AMD PRO A12-8830B APU,4,0,6,2.5,3.4,0,0,2,0,,,,,1866,,,758,
on,6th Gen AMD PRO A12-8800B APU,4,4,8,2.1,3.4,0,0,2,0,,,15,,2133,2,,800,
on,6th Gen AMD PRO A10-8730B APU,4,0,6,2.4,3.3,0,0,2,0,,,,,1866,,,720,
on,6th Gen AMD PRO A10-8700B APU,4,4,6,1.8,3.2,0,0,2,0,,,15,,2133,2,,800,
on,6th Gen AMD PRO A8-8600B APU,4,4,6,1.6,3,0,0,2,0,,,15,,2133,2,,720,
on,6th Gen AMD PRO A6-8530B APU,2,0,4,2.3,3.2,0,0,1,0,,,,,1866,,,800,
on,6th Gen AMD PRO A6-8500B APU,2,4,4,1.6,3,0,0,1,0,,,15,,1600,2,,800,
on,6th Gen FX-8800P APU,4,4,8,2.1,3.4,0,0,2,0,,,15,90,2133,2,,800,
on,A10-7890K with Radeon™ R7 Graphics and Wraith cooler,4,0,8,4.1,4.3,0,256,4,0,,,95,72.4,2133,2,,866,
on,A10-7870K with Radeon™ R7 Series,4,4,8,3.9,4.1,0,256,4,0,,,95,72.4,2133,2,,866,
on,A10-7870K with Radeon™ R7 Graphics and Near Silent Thermal Solution,4,0,8,3.9,4.1,0,256,4,0,,,95,72.4,2133,2,,866,
on,A10-7860K with Radeon™ R7 Series,4,4,8,3.6,4,0,256,4,0,,,65,71.3,2133,2,,757,
on,A10-7860K with Radeon™ R7 Graphics and Near Silent Thermal Solution,4,4,8,3.6,4,0,256,4,0,,,65,71.3,2133,2,,757,
on,A10-7850K with Radeon™ R7 Series,4,4,8,3.7,4,0,256,4,0,,,95,72.4,2133,2,,720,
on,A10-7800 with Radeon™ R7 Series,4,4,8,3.5,3.9,0,256,4,0,,,,71.3,2133,2,,720,
on,A10-7700K with Radeon™ R7 Series,4,4,6,3.4,3.8,0,256,4,0,,,,72.4,2133,2,,720,
on,A10-6800K with Radeon™ HD 8670D,4,4,0,4.1,4.4,0,192,4,0,,,100,74,2133,2,,844,
on,A10-6790K with Radeon™ HD 8670D,4,4,0,4,4.3,0,192,4,0,,,100,74,1866,2,,844,
on,A10-6700 with Radeon™ HD 8670D,4,4,0,3.7,4.3,0,192,4,0,,,65,71.3,1866,2,,844,
on,AMD EPYC™ 7773X,64,128,0,2.2,3.5,0,0,0,768,8800, 4.0 x128,280,,3200,8,204.80 GB/s,,
on,A10-6700T with Radeon™ HD 8650D,4,4,0,2.5,3.5,0,192,4,0,,,45,71.3,1866,2,,720,
on,AMD EPYC™ 7763,64,128,0,2.45,3.5,0,0,0,256,7890, 4.0 x128,280,,3200,8,204.80 GB/s,,
on,AMD EPYC™ 7713P,64,128,0,2,3.675,0,0,0,256,5010, 4.0 x128,225,,3200,8,204.80 GB/s,,
on,AMD EPYC™ 7713,64,128,0,2,3.675,0,0,0,256,7060, 4.0 x128,225,,3200,8,204.80 GB/s,,
on,AMD EPYC™ 7663,56,112,0,2,3.5,0,0,0,256,6366, 4.0 x128,240,,3200,8,204.80 GB/s,,
on,AMD EPYC™ 7643,48,96,0,2.3,3.6,0,0,0,256,4995, 4.0 x128,225,,3200,8,204.80 GB/s,,
on,AMD EPYC™ 7573X,32,64,0,2.8,3.6,0,0,0,768,5590, 4.0 x128,280,,3200,8,204.80 GB/s,,
on,AMD EPYC™ 75F3,32,64,0,2.95,4,0,0,0,256,4860, 4.0 x128,280,,3200,8,204.80 GB/s,,
on,AMD EPYC™ 7543P,32,64,0,2.8,3.7,0,0,0,256,2730, 4.0 x128,225,,3200,8,204.80 GB/s,,
on,AMD EPYC™ 7543,32,64,0,2.8,3.7,0,0,0,256,3761, 4.0 x128,225,,3200,8,204.80 GB/s,,
on,AMD EPYC™ 7513,32,64,0,2.6,3.65,0,0,0,128,2840, 4.0 x128,200,,3200,8,204.80 GB/s,,
on,AMD EPYC™ 7473X,24,48,0,2.8,3.7,0,0,0,768,3900, 4.0 x128,240,,3200,8,204.80 GB/s,,
on,AMD EPYC™ 7453,28,56,0,2.75,3.45,0,0,0,64,1570, 4.0 x128,225,,3200,8,204.80 GB/s,,
on,AMD EPYC™ 74F3,24,48,0,3.2,4,0,0,0,256,2900, 4.0 x128,240,,3200,8,204.80 GB/s,,
on,AMD EPYC™ 7443P,24,48,0,2.85,4,0,0,0,128,1337, 4.0 x128,200,,3200,8,204.80 GB/s,,
on,AMD EPYC™ 7443,24,48,0,2.85,4,0,0,0,128,2010, 4.0 x128,200,,3200,8,204.80 GB/s,,
on,AMD EPYC™ 7413,24,48,0,2.65,3.6,0,0,0,128,1825, 4.0 x128,180,,3200,8,204.80 GB/s,,
on,AMD EPYC™ 73F3,16,32,0,3.5,4,0,0,0,256,3521, 4.0 x128,240,,3200,8,204.80 GB/s,,
on,AMD EPYC™ 7373X,16,32,0,3.05,3.8,0,0,0,768,4185, 4.0 x128,240,,3200,8,204.80 GB/s,,
on,AMD EPYC™ 7343,16,32,0,3.2,3.9,0,0,0,128,1565, 4.0 x128,190,,3200,8,204.80 GB/s,,
on,AMD EPYC™ 7313P,16,32,0,3,3.7,0,0,0,128,913, 4.0 x128,155,,3200,8,204.80 GB/s,,
on,AMD EPYC™ 7313,16,32,0,3,3.7,0,0,0,128,1083, 4.0 x128,155,,3200,8,204.80 GB/s,,
on,AMD EPYC™ 72F3,8,16,0,3.7,4.1,0,0,0,256,2468, 4.0 x128,180,,3200,8,204.80 GB/s,,
on,A8-7670K with Radeon™ R7 Graphics and Near Silent Thermal Solution,4,4,6,3.6,3.9,0,256,4,0,,,95,72.4,2133,2,,757,
on,AMD EPYC™ 7F72,24,48,0,3.2,3.7,0,0,0,192,2450, 4.0 x128,240,,3200,8,204.80 GB/s,,
on,A8-7650K with Radeon™ R7 Series,4,4,6,3.3,3.8,0,256,4,0,,,95,72.4,2133,2,,720,
on,AMD EPYC™ 7F52,16,32,0,3.5,3.9,0,0,0,256,3100, 4.0 x128,240,,3200,8,204.80 GB/s,,
on,AMD EPYC™ 7F32,8,16,0,3.7,3.9,0,0,0,128,2100, 4.0 x128,180,,3200,8,204.80 GB/s,,
on,AMD EPYC™ 7H12,64,128,0,2.6,3.3,0,0,0,256,7250, 4.0 x128,280,,3200,8,204.80 GB/s,,
on,AMD EPYC™ 7742,64,128,0,2.25,3.4,0,0,0,256,6950, 4.0 x128,225,,3200,8,204.80 GB/s,,
on,A8-7650K with Radeon™ R7 Graphics and Near Silent Thermal Solution,4,4,6,3.3,3.8,0,256,4,0,,,95,72.4,2133,2,,720,
on,A8-7600 with Radeon™ R7 Series,4,4,6,3.1,3.8,0,256,4,0,,,65,71.3,2133,2,,720,
on,AMD EPYC™ 7702,64,128,0,2,3.35,0,0,0,256,6450, 4.0 x128,200,,3200,8,204.80 GB/s,,
on,A8-6600K with Radeon™ HD 8570D,4,4,0,3.9,4.2,0,192,4,0,,,65,74,1866,2,,844,
on,AMD EPYC™ 7702P,64,128,0,2,3.35,0,0,0,256,4425, 4.0 x128,200,,3200,8,204.80 GB/s,,
on,AMD EPYC™ 7662,64,128,0,2,3.3,0,0,0,256,6150, 4.0 x128,225,,3200,8,204.80 GB/s,,
on,A8-6500 with Radeon™ HD 8570D,4,4,0,3.5,4.1,0,192,4,0,,,65,71.3,1866,2,,800,
on,AMD EPYC™ 7642,48,96,0,2.3,3.3,0,0,0,256,4775, 4.0 x128,225,,3200,8,204.80 GB/s,,
on,A8-6500T with Radeon™ HD 8550D,4,4,0,2.1,3.1,0,192,4,0,,,45,71.3,1866,2,,720,
on,AMD EPYC™ 7552,48,96,0,2.2,3.3,0,0,0,192,4025, 4.0 x128,200,,3200,8,204.80 GB/s,,
on,AMD EPYC™ 7542,32,64,0,2.9,3.4,0,0,0,128,3400, 4.0 x128,225,,3200,8,204.80 GB/s,,
on,AMD EPYC™ 7532,32,64,0,2.4,3.3,0,0,0,256,2380, 4.0 x128,200,,3200,8,204.80 GB/s,,
on,AMD EPYC™ 7502,32,64,0,2.5,3.35,0,0,0,128,2600, 4.0 x128,180,,3200,8,204.80 GB/s,,
on,AMD EPYC™ 7502P,32,64,0,2.5,3.35,0,0,0,128,2300, 4.0 x128,180,,3200,8,204.80 GB/s,,
on,AMD EPYC™ 7452,32,64,0,2.35,3.35,0,0,0,128,2025, 4.0 x128,155,,3200,8,204.80 GB/s,,
on,AMD EPYC™ 7402,24,48,0,2.8,3.35,0,0,0,128,1783, 4.0 x128,180,,3200,8,204.80 GB/s,,
on,AMD EPYC™ 7402P,24,48,0,2.8,3.35,0,0,0,128,1250, 4.0 x128,180,,3200,8,204.80 GB/s,,
on,A6-7470K with Radeon™ R5 Series,2,0,4,3.7,4,0,256,1,0,,,65,71.3,2133,2,,800,
on,AMD EPYC™ 7352,24,48,0,2.3,3.2,0,0,0,128,1080, 4.0 x128,155,,3200,8,204.80 GB/s,,
on,A6-7400K with Radeon™ R5 Series,2,2,4,3.5,3.9,0,128,1,0,,,65,70,1866,2,,758,
on,AMD EPYC™ 7302,16,32,0,3,3.3,0,0,0,128,978, 4.0 x128,155,,3200,8,204.80 GB/s,,
on,AMD EPYC™ 7302P,16,32,0,3,3.3,0,0,0,128,825, 4.0 x128,155,,3200,8,204.80 GB/s,,
on,A6-6420K with Radeon™ HD 8470D,2,2,0,4,4.2,0,96,1,0,,,65,70,1866,2,,800,
on,AMD EPYC™ 7282,16,32,0,2.8,3.2,0,0,0,64,604, 4.0 x128,120,,3200,8,85.30 GB/s,,
on,A6-6310 with Radeon™ R4 Graphics,4,4,0,1.8,2.4,0,128,2,0,,,17.5,90,1866,1,,800,
on,AMD EPYC™ 7272,12,24,0,2.9,3.2,0,0,0,64,549, 4.0 x128,120,,3200,8,85.30 GB/s,,
on,A6-6400K with Radeon™ HD 8470D,2,2,0,3.9,4.1,0,96,1,0,,,65,70,1866,2,,800,
on,AMD EPYC™ 7262,8,16,0,3.2,3.4,0,0,0,128,505,x128,155,,3200,8,204.80 GB/s,,
on,A6-5200 with Radeon™ HD 8400,4,4,0,2,0,0,256,2,0,,,25,90,1600,1,,600,
on,AMD EPYC™ 7252,8,16,0,3.1,3.2,0,0,0,64,348, 4.0 x128,120,,3200,8,85.30 GB/s,,
on,AMD EPYC™ 7232P,8,16,0,3.1,3.2,0,0,0,32,338, 4.0 x128,120,,3200,8,85.30 GB/s,,
on,AMD EPYC™ 7601,32,64,0,2.2,3.2,0,0,0,64,3270, 3.0 x128,180,,2666,8,170.60 GB/s,,
on,AMD EPYC™ 7551P,32,64,0,2,3,0,0,0,64,1830, 3.0 x128,180,,2666,8,170.60 GB/s,,
on,AMD EPYC™ 7551,32,64,0,2,3,0,0,0,64,2660, 3.0 x128,180,,2666,8,170.60 GB/s,,
on,AMD EPYC™ 7501,32,64,0,2,3,0,0,0,64,2870, 3.0 x128,162.5,,2400/2666,8,153.60 GB/s/170.60 GB/s,,
on,AMD EPYC™ 7451,24,48,0,2.3,3.2,0,0,0,64,1880, 3.0 x128,180,,2666,8,170.60 GB/s,,
on,A4-7300 with Radeon™ HD 8470D,2,2,0,3.8,4,0,96,1,0,,,65,70,1600,2,,800,
on,AMD EPYC™ 7401P,24,48,0,2,3,0,0,0,64,920, 3.0 x128,162.5,,2400/2666,8,153.60 GB/s/170.60 GB/s,,
on,A4-6320 with Radeon™ HD 8370D,2,2,0,3.8,4,0,96,1,0,,,65,70,1600,2,,760,
on,AMD EPYC™ 7401,24,48,0,2,3,0,0,0,64,1620, 3.0 x128,162.5,,2400/2666,8,153.60 GB/s/170.60 GB/s,,
on,A4-6300 with Radeon™ HD 8370D,2,2,0,3.7,3.9,0,96,1,0,,,65,70,1600,2,,760,
on,AMD EPYC™ 7371,16,32,0,3.1,3.8,0,0,0,64,1550, 3.0 x128,200,,2666,8,170.60 GB/s,,
on,AMD EPYC™ 7351P,16,32,0,2.4,2.9,0,0,0,64,660, 3.0 x128,162.5,,2400/2666,8,153.60 GB/s/170.60 GB/s,,
on,AMD EPYC™ 7351,16,32,0,2.4,2.9,0,0,0,64,890, 3.0 x128,162.5,,2400/2666,8,153.60 GB/s/170.60 GB/s,,
on,AMD EPYC™ 7301,16,32,0,2.2,2.7,0,0,0,64,740, 3.0 x128,162.5,,2400/2666,8,153.60 GB/s/170.60 GB/s,,
on,A4-5100 with Radeon™ HD 8330,4,4,0,1.55,0,0,256,2,0,,,15,90,1600,1,,500,
on,AMD EPYC™ 7281,16,32,0,2.1,2.7,0,0,0,32,580, 3.0 x128,162.5,,2400/2666,8,153.60 GB/s/170.60 GB/s,,
on,A4-5000 with Radeon™ HD 8330,4,4,0,1.5,0,0,256,2,0,,,15,90,1600,1,,500,
on,AMD EPYC™ 7261,8,16,0,2.5,2.9,0,0,0,64,570,,162.5,,2400/2666,8,153.60 GB/s/170.60 GB/s,,
on,AMD EPYC™ 7251,8,16,0,2.1,2.9,0,0,0,32,400, 3.0 x128,120,,2400,8,153.60 GB/s,,
on,FX-9590,8,8,0,4.7,5,0,384,8,8,,n/a,220,57,1866,,,,
on,FX-9370,8,8,0,4.4,4.7,0,384,8,8,,n/a,220,57,1866,,,,
on,FX-8370 with Wraith cooler,8,8,0,4,4.3,0,384,8,8,,n/a,125,61.1,1866,2,,,
on,FX-8370E,8,8,0,3.3,4.3,0,384,8,8,,n/a,95,70.5,1866,,,,
on,A10-7400P with Radeon™ R6 Graphics,4,4,6,2.5,3.4,0,0,4,0,,,35,,1866,2,,654,
on,FX-8370,8,8,0,4,4.3,0,384,8,8,,n/a,125,61.1,1866,,,,
on,A10-7300 with Radeon™ R6 Graphics,4,4,6,1.9,3.2,0,0,4,0,,,20,,,2,,553,
on,FX-8350 with Wraith cooler,8,8,0,4,4.2,0,384,8,8,,n/a,125,61,1866,,,,
on,FX-8350,8,8,0,4,4.2,0,384,8,8,,n/a,125,61,1866,,,,
on,A10 Micro-6700T with Radeon™ R6 Graphics,4,4,0,2.2,0,0,0,2,0,,,4.5,,1333,1,,,
on,FX-8320E,8,8,0,3.2,4,0,384,8,8,,n/a,95,70.5,1866,,,,
on,FX-8320,8,8,0,3.5,4,0,384,8,8,,n/a,125,61.1,1866,,,,
on,FX-8310,8,8,0,3.4,4.3,0,0,8,0,,n/a,95,70.5,,,,,
on,FX-8300,8,8,0,3.3,4.2,0,384,8,8,,n/a,95,70.5,1866,,,,
on,FX-8150,8,8,0,3.6,4.2,0,384,8,8,,n/a,125,61,,,,,
on,FX-8120,8,8,0,3.1,4,0,384,8,8,,n/a,125,61,,,,,
on,A8-7410 with Radeon™ R5 Graphics,4,4,0,2.2,2.5,0,0,2,0,,,15,90,1866,1,,847,
on,FX-6350 with Wraith cooler,6,6,0,3.9,4.2,0,288,6,8,,n/a,125,61,1866,,,,
on,A8-7200P with Radeon™ R5 Graphics,4,4,4,2.4,3.3,0,0,4,0,,,100,,1866,2,,626,
on,FX-6350,6,6,0,3.9,4.2,0,288,6,8,,n/a,125,61,1866,,,,
on,A8-7100 with Radeon™ R5 Graphics,4,4,4,1.8,3,0,0,4,0,,,20,,1600,2,,514,
on,FX-6300,6,6,0,3.5,3.8,0,288,6,8,,3,95,70.5,1866,,,,
on,A8-6410 with Radeon™ R5 Graphics,4,4,0,2,2.4,0,0,2,0,,,15,90,1866,1,,847,
on,FX-6200,6,6,0,3.8,4.1,0,288,6,8,,n/a,125,61.1,1866,,,,
on,FX 6100,6,6,0,3.3,3.9,0,288,6,8,,n/a,95,70,1866,,,,
on,FX-4350,4,4,0,4.2,4.3,0,192,4,8,,n/a,125,61.1,1866,,,,
on,FX-4320,4,4,0,4,4.1,0,192,4,4,,Not Listed,95,70.5,1866,,,,
on,FX-4300,4,4,0,3.8,4,0,192,4,4,,n/a,95,70.5,1866,,,,
on,FX-4170,4,4,0,4.2,4.3,0,192,4,8,,n/a,125,61.1,,,,,
on,FX-4130,4,4,0,3.8,3.9,0,192,4,4,,n/a,125,70,1866,,,,
on,FX-4100,4,4,0,3.6,3.8,0,192,4,8,,n/a,95,70.5,1866,,,,
on,1075T,6,6,0,3.5,0,0,768,3,6,,n/a,95,,,,,,
on,1045T,0,0,0,2.7,3.2,0,768,3,6,,n/a,95,71,,,,,
on,A6-8500P with Radeon™ R5 Graphics,2,2,4,1.6,3,0,0,1,0,,,15,90,,2,,800,
on,980,4,4,0,3.7,0,0,512,2,6,,n/a,125,,,,,,
on,A6-7310 with Radeon™ R4 Graphics,4,4,0,2,2.4,0,0,2,0,,,15,90,1866,1,,800,
on,A6-7310 with Radeon™ R4 Graphics,4,4,0,2,2.4,0,0,2,0,,,15,90,1866,1,,800,
on,975,4,4,0,3.6,0,0,512,2,6,,n/a,125,62,,,,,
on,A6-7000 with Radeon™ R4 Graphics,2,2,3,2.2,3,0,0,1,0,,,17,,,2,,533,
on,965,4,4,0,3.4,0,0,0,2,0,,n/a,80,,,,,,
on,960T,4,4,0,3,3.4,0,512,512,0,,n/a,95,71,,,,,
on,A6-6310 with Radeon™ R4 Graphics,4,4,0,2.4,0,0,0,2,0,,,15,,1865,1,,,
on,850,4,4,0,3.3,0,0,512,2,0,,n/a,95,,,,,,
on,840,4,4,0,3.2,0,0,512,2,0,,n/a,95,71,,,,,
on,A6-5350M with Radeon™ HD 8450G,2,2,0,2.9,3.5,0,0,2,0,,,35,,1600,2,,533,
on,570,2,2,0,4,0,0,0,0,6,,n/a,80,,,,,,
on,565,2,2,0,3.4,0,0,0,1,0,,,80,,,,,,
on,A6-5200M with Radeon™ HD 8400,4,4,0,2,0,0,0,2,0,,,25,,,1,,,
on,555,2,2,0,3.2,0,0,0,1,0,,n/a,80,,,,,,
on,565,2,2,0,3.4,0,0,256,1,6,,n/a,80,70,,,,,
on,X940,4,4,0,2.4,0,0,512,2,0,,n/a,45,100,,,,,
on,N970,4,4,0,2.2,0,0,512,2,0,,n/a,35,100,,,,,
on,N960,4,4,0,1.8,0,0,512,2,0,,n/a,35,100,,,,,
on,N870,3,3,0,2.3,0,0,384,1.5,0,,n/a,35,100,,,,,
on,P860,3,3,0,2,0,0,384,1.5,0,,n/a,35,100,,,,,
on,N660,2,2,0,3,0,0,256,2,0,,n/a,35,100,,,,,
on,A4-7210 with Radeon™ R3 Graphics,4,4,0,1.8,2.2,0,0,2,0,,,65,90,1600,1,,686,
on,A4 Micro-6400T with Radeon™ R3 Graphics,4,4,0,1.6,0,0,0,2,0,,,4.5,,1333,1,,,
on,P650,2,2,0,2.6,0,0,256,2,0,,n/a,35,100,,,,,
on,A4-6210 with Radeon™ R3 Graphics,4,4,0,1.8,0,0,0,2,0,,,15,,1599,1,,,
on,N640,2,2,0,2.8,0,0,256,2,0,,n/a,35,100,,,,,
on,B99,4,4,0,3.3,0,0,0,2,0,,n/a,95,,,,,,
on,B97,4,4,0,3.2,0,0,0,2,0,,n/a,95,,,,,,
on,B95,0,0,0,3,0,0,0,2,0,,n/a,95,,,,,,
on,A4-5100 with Radeon™ HD 8330,4,4,0,1.55,0,0,0,2,0,,,15,,,1,,,
on,A4-5000 with Radeon™ HD 8330,4,4,0,1.5,0,0,0,2,0,,,15,,,1,,,
on,B77,3,3,0,3.2,0,0,0,1.5,0,,n/a,95,,,,,,
on,B75,3,3,0,3,0,0,0,1.5,0,,n/a,95,,,,,,
on,B60,2,2,0,3.5,0,0,0,1,0,,n/a,80,,,,,,
on,B59,2,2,0,3.4,0,0,0,1,0,,n/a,80,,,,,,
on,B57,2,2,0,3.2,0,0,0,1,0,,n/a,80,,,,,,
on,641,4,4,0,2.8,0,0,512,4,0,,Not Listed,100,70.1,,,,,
on,638,4,4,0,2.7,0,0,512,4,0,,Not Listed,65,70.1,,,,,
on,631,4,4,0,2.6,0,0,0,4,0,,Not Listed,65,,,,,,
on,631,4,4,0,2.6,0,0,0,4,0,,Not Listed,100,70.1,,,,,
on,620e,4,4,0,2.7,0,0,0,0,0,,Not Listed,45,,,,,,
on,460,3,3,0,3.4,0,0,384,1.5,0,,Not Listed,95,75,,,,,
on,425e,3,3,0,2.7,0,0,384,1.5,0,,Not Listed,45,,,,,,
on,255e,2,2,0,3.1,0,0,256,2,0,,Not Listed,45,72,,,,,
on,A10-8700P with Radeon™ R6 Graphics,4,4,6,1.8,3.2,0,0,2,0,,,,90,2133,2,,800,
on,7th Gen AMD Athlon™ X4 970,4,4,0,3.8,4,0,0,2,0,,3,65,,2400,,,,
on,A8-8600P with Radeon™ R6 Graphics,4,4,6,1.6,3,0,0,2,0,,,,90,2133,2,,720,
on,7th Gen AMD Athlon™ X4 950,4,4,0,3.5,3.8,0,0,2,0,,3,,,2400,,,,
on,A8-6410 with Radeon™ R5 Graphics,4,4,0,2.2,2.5,0,0,2,0,,,,90,1866,1,,847,
on,7th Gen AMD Athlon™ X4 940,4,4,0,3.2,3.6,0,0,2,0,,3,,,2400,,,,
on,A6-8500P with Radeon™ R5 Graphics,2,2,4,1.6,3,0,0,1,0,,,,90,,2,,800,
on,A6-7310 with Radeon™ R4 Graphics,4,4,0,2,2.4,0,0,2,0,,,,90,1866,1,,800,
on,880K with Near Silent Thermal Solution,4,0,0,4,4.2,0,256,4,0,,,95,72.4,2133,2,,,
on,A4-7210 with Radeon™ R3 Graphics,4,4,0,1.8,2.2,0,0,2,0,,,65,90,1600,1,,686,
on,870K with Near Silent Thermal Solution,4,4,0,3.9,4.1,0,128,4,0,,3,95,72.4,2133,2,,,
on,860K,4,4,0,3.7,4,0,128,4,0,,3,95,72.4,2133,2,,,
on,A10-6800B with Radeon™ HD 8670D,4,4,0,4.1,4.4,0,192,4,0,,,45,74,2133,2,,844,
on,860K with Near Silent Thermal Solution,4,4,0,3.7,4,0,128,4,0,,3,95,72.4,2133,2,,,
on,A10-6790B with Radeon™ HD 8670D,4,4,0,4,4.3,0,192,4,0,,,45,74,1866,2,,844,
on,845 with Near Silent Thermal Solution,4,4,0,3.5,3.8,0,0,2,0,,3,,71.3,2133,2,,,
on,A8-6500B with Radeon™ HD 8570D,4,4,0,3.5,4.1,0,192,4,0,,,65,71.3,1866,2,,800,
on,760K,4,4,0,3.8,4.1,0,0,4,0,,Not Listed,100,,,,,,
on,750,4,0,0,3.4,4,0,192,4,0,,n/a,65,71.3,1866,2,,,
on,A6-6420B with Radeon™ HD 8470D,2,2,0,4,4.2,0,96,1,0,,,65,70,1866,2,,800,
on,750K,4,4,0,3.4,4,0,0,4,0,,Not Listed,100,,,,,,
on,740,4,4,0,3.2,3.7,0,0,4,0,,Not Listed,65,,,,,,
on,A6-6400B with Radeon™ HD 8470D,2,2,0,3.9,4.1,0,96,1,0,,,65,70,1866,2,,800,
on,2800+,0,0,0,56,0,0,0,0,0,,n/a,45,70,,,,,
on,X1150,4,4,0,2,0,0,0,2,0,,n/a,17,70,800,,,,
on,6386 SE,16,16,0,2.8,3.5,0,48,16,16,,n/a,140,64.4,2000,,,,
on,6380,16,16,0,2.5,3.4,0,768,16,16,,n/a,115,69,2000,,,,
on,A10 PRO-7850B with Radeon™ R7 Graphics,4,4,8,3.7,4,0,256,4,0,,,95,72.4,2133,2,,720,
on,6378,16,16,0,2.4,3.3,0,768,16,16,,n/a,115,69,2000,,,,
on,6376,16,16,0,2.3,2,0,768,16,16,,n/a,115,69,2000,,,,
on,A10 PRO-7800B with Radeon™ R7 Graphics,4,4,8,3.5,3.9,0,256,4,0,,,65,71.3,2133,2,,720,
on,A8 PRO-7600B with Radeon™ R7 Graphics,4,4,6,3.1,3.8,0,0,4,0,,,65,71.3,2133,2,,720,
on,6370P,16,16,0,2,2.5,0,48,16,16,,n/a,99,69,2000,,,,
on,A6 PRO-7400B with Radeon™ R5 Graphics,2,2,4,3.5,3.9,0,0,1,0,,,65,70,1866,2,,756,
on,6366 HE,16,16,0,1.8,3.1,0,768,16,16,,n/a,85,65,1800,,,,
on,A4 PRO-7350B with Radeon™ R5 Graphics,2,2,3,3.4,3.8,0,0,1,0,,,65,70,1866,2,,514,
on,6348,12,12,0,2.8,3.4,0,576,12,16,,n/a,115,70.4,2000,,,,
on,A4 PRO-7300B with Radeon™ HD 8470D,2,2,0,3.8,4,0,96,1,0,,,65,70,1600,2,,800,
on,6344,12,12,0,2.6,2,0,576,12,16,,n/a,115,70.4,2000,,,,
on,A10 PRO-7350B with Radeon™ R6 Graphics,4,4,6,2.1,3.3,0,0,4,0,,,19,,1600,2,,553,
on,6338P,12,12,0,2.3,2.8,0,48,12,16,,n/a,99,69,2000,,,,
on,6328,8,8,0,3.2,3.8,0,384,8,16,,n/a,115,71.7,2000,,,,
on,A8 PRO-7150B with Radeon™ R5 Graphics,4,4,6,1.9,3.2,0,0,4,0,,,100,,1600,2,,533,
on,6320,8,8,0,2.8,3.3,0,384,8,16,,n/a,115,71.7,2000,,,,
on,A6 PRO-7050B with Radeon™ R4 Graphics,2,2,3,2.2,3,0,0,1,0,,,100,,1600,2,,533,
on,6308,4,4,0,3.5,0,0,192,4,16,,n/a,115,74.4,2000,,,,
on,A4 PRO-3350B with Radeon™ R4 Graphics,4,4,2,2,2.4,0,0,2,0,,,15,90,1600,1,,800,
on,A4 PRO-3340B with Radeon™ HD 8240 Graphics,4,4,2,2.2,0,0,0,2,0,,,25,,1600,1,,400,
on,6284 SE,16,16,0,2.7,3.4,0,768,16,16,,n/a,140,64.4,2000,,,,
on,6282 SE,16,16,0,2.6,3.3,0,768,16,16,,n/a,140,64.4,2000,,,,
on,FX-7600P with Radeon™ R7 Graphics,4,4,8,2.7,3.6,0,0,4,0,,,35,,2133,2,,686,
on,AMD Athlon™ 3000G,2,4,3,3.5,0,0,192,1,4,,3,35,95,2667,2,,1100,
on,FX-7500 with Radeon™ R7 Graphics,4,4,6,2.1,3.3,0,0,4,0,,,20,,1600,2,,553,
on,AMD Athlon™ 240GE,2,4,3,3.5,0,0,192,1,4,,3,35,95,2667,2,,1000,
on,6278,16,16,0,2.4,3.3,0,768,16,16,,n/a,115,69,2000,,,,
on,6276,16,16,0,2.3,3.2,0,768,16,16,,n/a,115,69,2000,,,,
on,AMD Athlon™ 220GE,2,4,3,3.4,0,0,192,1,4,,3,35,95,2667,2,,1000,
on,FX-8800P with Radeon™ R7 Graphics,4,4,8,2.1,3.4,0,0,2,0,,,,90,2133,2,,800,
on,AMD Athlon™ 200GE,2,4,3,3.2,0,0,192,1,4,,3,35,95,2667,2,,1000,
on,Athlon™ 5370 APU with Radeon™ R3 Series,4,4,0,2.2,0,0,256,2,0,,,25,76,1600,1,,600,
on,6274,16,16,0,2.2,3.1,0,768,16,16,,n/a,115,69,2000,,,,
on,6272,16,16,0,2.1,3,0,768,16,16,,n/a,115,69,2000,,,,
on,Athlon™ 5350 APU with Radeon™ R3 Series,4,4,0,2.05,0,0,256,2,0,,,25,76,1600,1,,600,
on,AMD Athlon™ PRO 200U Mobile Processor with Radeon™ Vega 3 Graphics,2,4,3,2.3,3.2,0,192,1,4,,3,15,105,2400,2,,1000,
on,6262 HE,16,16,0,1.6,2.9,0,768,16,16,,n/a,85,65,1800,,,,
on,Athlon™ 5150 APU with Radeon™ R3 Series,4,4,0,1.6,0,0,256,2,0,,,25,76,1600,1,,600,
on,AMD Athlon™ PRO 200GE,2,4,3,3.2,0,0,192,1,4,,3,35,95,2667,2,,1000,
on,6238,12,12,0,2.6,3.2,0,576,12,16,,n/a,115,70.4,2000,,,,
on,Sempron™ 3850 APU with Radeon™ R3 Series,4,4,0,1.3,0,0,256,2,0,,,25,90,1600,1,,450,
on,6234,12,12,0,2.4,3,0,576,12,16,,n/a,115,70.4,2000,,,,
on,Sempron™ 2650 APU with Radeon™ R3 Series,2,2,0,1.45,0,0,128,1,0,,,25,90,1333,1,,400,
on,E2-7110 with Radeon™ R2 Graphics,4,4,0,1.8,1.8,0,0,2,0,,,65,90,1600,1,,600,
on,6220,8,8,0,3,3.6,0,384,8,16,,n/a,115,71.7,2000,,,,
on,E2-7110 with Radeon™ R2 Graphics,4,4,0,1.8,1.8,0,0,2,0,,,65,90,1600,1,,600,
on,6212,8,8,0,2.6,3.2,0,384,8,16,,n/a,115,71.7,2000,,,,
on,E2-6110 with Radeon™ R2 Graphics,4,4,0,1.5,0,0,0,2,0,,,15,,1600,1,,,
on,6204,4,4,0,3.3,0,0,512,4,16,,n/a,115,74.4,2000,,,,
on,E2-3800 with Radeon™ HD 8280,4,4,0,1.3,0,0,128,2,0,,,15,90,1600,1,,450,
on,6180 SE,12,12,0,2.5,0,0,1536,6,12,,n/a,140,64,1800,,,,
on,E2-3000 with Radeon™ HD 8280,2,2,0,1.65,0,0,0,1,0,,,15,,,1,,,
on,6176,12,12,0,2.3,0,0,1536,6,12,,n/a,115,69,1800,,,,
on,6166 HE,12,12,0,1.8,0,0,1536,6,12,,n/a,85,69,1800,,,,
on,6140,8,8,0,2.6,0,0,1024,4,12,,n/a,115,69,1800,,,,
on,6132 HE,8,8,0,2.2,0,0,1024,4,12,,n/a,85,66,1800,,,,
on,E2-7110 with Radeon™ R2 Graphics,4,4,0,1.8,1.8,0,0,2,0,,,65,90,1600,1,,600,
on,4386,8,8,0,3.1,3.8,0,384,8,8,,n/a,95,70.5,2200,,,,
on,4376 HE,8,8,0,2.6,3.6,0,384,8,8,,n/a,65,68,2000,,,,
on,4365,8,8,0,2,2.8,0,384,8,8,,n/a,40,70,1600,,,,
on,4340,6,6,0,3.5,3.8,0,288,6,8,,n/a,95,67.7,2200,,,,
on,4334,6,6,0,3.1,3.5,0,288,6,8,,n/a,95,67.7,2000,,,,
on,E1-7010 with Radeon™ R2 Graphics,2,2,0,1.5,1.5,0,0,1,0,,,10,90,1333,1,,400,
on,4332 HE,6,6,0,3,3.7,0,288,6,8,,n/a,65,68,2000,,,,
on,4310 EE,6,6,0,2.2,3,0,192,4,8,,n/a,35,85,1600,,,,
on,E1 Micro-6200T with Radeon™ R2 Graphics,2,2,0,1.4,0,0,0,1,0,,,3.95,,,1,,,
on,4284,8,8,0,3,3.7,0,384,8,8,,n/a,95,70.5,2200,,,,
on,E1-6010 with Radeon™ R2 Graphics,2,2,0,1.35,0,0,0,1,0,,,10,,,1,,,
on,4280,8,8,0,2.8,2.2,0,384,8,8,,n/a,95,70.5,2200,,,,
on,E1-2500 with Radeon™ HD 8240,2,2,0,1.4,0,0,0,1,0,,,15,,,1,,,
on,4276 HE,8,8,0,2.6,3.6,0,384,8,8,,n/a,65,68,2000,,,,
on,E1-2200 with Radeon™ HD 8210,2,2,0,1,0,0,0,1,0,,,9,,,1,,,
on,4274 HE,8,8,0,2.5,3.5,0,384,8,8,,n/a,65,68,2000,,,,
on,E1-2100 with Radeon™ HD 8210,2,2,0,1,0,0,0,1,0,,,9,,,1,,,
on,4256 EE,8,8,0,1.6,2.8,0,384,8,8,,n/a,35,64,1600,,,,
on,4240,6,6,0,3.4,3.8,0,288,6,8,,n/a,95,70.5,,,,,
on,4238,6,6,0,3.3,3.7,0,288,6,8,,n/a,95,70.5,2200,,,,
on,4234,6,6,0,3.1,3.5,0,288,6,8,,n/a,95,70.5,2200,,,,
on,E1-7010 with Radeon™ R2 Graphics,2,2,0,1.5,1.5,0,0,1,0,,,,90,1333,1,,400,
on,4230 HE,6,6,0,2.9,3.7,0,288,6,8,,n/a,65,68,2000,,,,
on,4228 HE,6,6,0,2.8,3.6,0,288,6,8,,n/a,65,68,2000,,,,
on,4226,6,6,0,2.7,3.1,0,288,6,8,,n/a,95,70.5,2000,,,,
on,3380,8,8,0,2.6,3.6,0,384,8,8,,n/a,65,70.3,2000,,,,
on,3365,8,8,0,2.3,3.3,0,384,8,8,,n/a,65,70.3,2000,,,,
on,3350 HE,4,4,0,2.8,3.8,0,192,4,8,,n/a,45,69.1,2000,,,,
on,3320 EE,4,4,0,1.9,2.5,0,192,4,8,,n/a,25,70,1400,,,,
on,3280,8,8,0,2.4,3.4,0,384,8,8,,n/a,65,61.1,2000,,,,
on,AMD Opteron™ X2170,4,4,0,2.4,0,0,0,2,0,,,25,,1866,,,800,
on,3260 HE,4,4,0,2.7,3.7,0,192,4,4,,n/a,45,61.1,2000,,,,
on,AMD Opteron™ X2150 APU,4,4,0,1.9,0,0,0,2,0,,,22,,,,,600,
on,3250 HE,0,0,0,2.5,3.5,0,192,4,4,,n/a,45,,2000,,,,
on,TL-64,2,2,0,2.2,0,0,0,1,0,,n/a,35,95,667,,,,
on,TL-60,2,2,0,2,0,0,0,1,0,,n/a,31,,667,,,,
on,TL-56,0,0,0,1.8,0,0,0,0,0,,n/a,31,,,,,,
on,TL-52,2,2,0,1.6,0,0,0,2,0,,n/a,31,,,,,,
